title,company,location
"<h2 class=""title""><a data-bypass=""true"" data-m_impr_a_placement_id=""JSR2CW"" data-m_impr_j_cid=""5"" data-m_impr_j_coc="""" data-m_impr_j_jawsid=""421707845"" data-m_impr_j_jobid=""0"" data-m_impr_j_jpm=""1"" data-m_impr_j_jpt=""2"" data-m_impr_j_lat=""28.0701"" data-m_impr_j_lid=""382"" data-m_impr_j_long=""-80.6211"" data-m_impr_j_occid=""11796"" data-m_impr_j_p=""1"" data-m_impr_j_postingid=""0919e630-b033-43d5-a614-81c95dcd7a65"" data-m_impr_j_pvc=""cielomasterfeed"" data-m_impr_s_t=""t"" data-m_impr_uuid=""576cd8c9-a882-46a9-acff-b4255ad7efa5"" href=""https://job-openings.monster.com/hr-business-partner-associate-experience-melbourne-fl-us-health-first/0919e630-b033-43d5-a614-81c95dcd7a65"" onclick=""clickJobTitle('plid=382&amp;pcid=5&amp;poccid=11796','',''); clickJobTitleSiteCat('{&quot;events.event48&quot;:&quot;true&quot;,&quot;eVar25&quot;:&quot;HR Business Partner - Associate Experience&quot;,&quot;eVar66&quot;:&quot;Monster&quot;,&quot;eVar67&quot;:&quot;JSR2CW&quot;,&quot;eVar26&quot;:&quot;_Health First&quot;,&quot;eVar31&quot;:&quot;Melbourne_FL_&quot;,&quot;prop24&quot;:&quot;2020-02-13T12:00&quot;,&quot;eVar53&quot;:&quot;1300081001001&quot;,&quot;eVar50&quot;:&quot;PPC&quot;,&quot;eVar74&quot;:&quot;regular&quot;}')"">HR Business Partner - Associate Experience
</a></h2>","<div class=""company"">
<span class=""name"">Health First</span>
<ul class=""list-inline"">
</ul>
</div>","<div class=""location"">
<span class=""name"">
Melbourne, FL
</span>
</div>"
"<h2 class=""title""><a data-bypass=""true"" data-m_impr_a_placement_id=""JSR2CW"" data-m_impr_j_cid=""5625"" data-m_impr_j_coc="""" data-m_impr_j_jawsid=""376609909"" data-m_impr_j_jobid=""2898"" data-m_impr_j_jpm=""1"" data-m_impr_j_jpt=""2"" data-m_impr_j_lat=""35.9606"" data-m_impr_j_lid=""605"" data-m_impr_j_long=""-83.9208"" data-m_impr_j_occid=""11994"" data-m_impr_j_p=""2"" data-m_impr_j_postingid=""fd3bc0e2-8546-4dd2-a9a9-328965bdca2a"" data-m_impr_j_pvc=""4c81029f-c4a3-47e6-982a-f868b6efc83a"" data-m_impr_s_t=""t"" data-m_impr_uuid=""6cf784c4-8fc6-49a9-8253-1c8e8b15ae71"" href=""https://job-openings.monster.com/truck-driver-cdl-a-regional-knoxville-tn-knoxville-tn-us-transforce/fd3bc0e2-8546-4dd2-a9a9-328965bdca2a"" onclick=""clickJobTitle('plid=605&amp;pcid=5625&amp;poccid=11994','',''); clickJobTitleSiteCat('{&quot;events.event48&quot;:&quot;true&quot;,&quot;eVar25&quot;:&quot;Truck Driver CDL A - Regional   Knoxville, TN&quot;,&quot;eVar66&quot;:&quot;Monster&quot;,&quot;eVar67&quot;:&quot;JSR2CW&quot;,&quot;eVar26&quot;:&quot;_TransForce&quot;,&quot;eVar31&quot;:&quot;Knoxville_TN_&quot;,&quot;prop24&quot;:&quot;2020-02-13T12:00&quot;,&quot;eVar53&quot;:&quot;5301045001001&quot;,&quot;eVar50&quot;:&quot;PPC&quot;,&quot;eVar74&quot;:&quot;logo&quot;}')"">Truck Driver CDL A - Regional   Knoxville, TN
</a></h2>","<div class=""company"">
<span class=""name"">TransForce</span>
<ul class=""list-inline"">
</ul>
</div>","<div class=""location"">
<span class=""name"">
Knoxville, TN
</span>
</div>"
"<h2 class=""title""><a data-bypass=""true"" data-m_impr_a_placement_id=""JSR2CW"" data-m_impr_j_cid=""3975"" data-m_impr_j_coc="""" data-m_impr_j_jawsid=""419890592"" data-m_impr_j_jobid=""2575"" data-m_impr_j_jpm=""1"" data-m_impr_j_jpt=""2"" data-m_impr_j_lat=""40.4766"" data-m_impr_j_lid=""700"" data-m_impr_j_long=""-88.992"" data-m_impr_j_occid=""11885"" data-m_impr_j_p=""3"" data-m_impr_j_postingid=""f01e7381-b62d-4bac-909e-73722648957a"" data-m_impr_j_pvc=""4eb6352f-9f99-449f-972b-9677ec994d49"" data-m_impr_s_t=""t"" data-m_impr_uuid=""c49043b3-5f48-404e-b287-2c5114322cff"" href=""https://job-openings.monster.com/registered-nurse-full-time-nights-bloomington-il-us-chestnut-health-systems/f01e7381-b62d-4bac-909e-73722648957a"" onclick=""clickJobTitle('plid=700&amp;pcid=3975&amp;poccid=11885','',''); clickJobTitleSiteCat('{&quot;events.event48&quot;:&quot;true&quot;,&quot;eVar25&quot;:&quot;Registered Nurse; Full-Time; Nights&quot;,&quot;eVar66&quot;:&quot;Monster&quot;,&quot;eVar67&quot;:&quot;JSR2CW&quot;,&quot;eVar26&quot;:&quot;_Chestnut Health Systems&quot;,&quot;eVar31&quot;:&quot;Bloomington_IL_&quot;,&quot;prop24&quot;:&quot;2020-02-13T12:00&quot;,&quot;eVar53&quot;:&quot;2900498001001&quot;,&quot;eVar50&quot;:&quot;PPC&quot;,&quot;eVar74&quot;:&quot;logo&quot;}')"">Registered Nurse; Full-Time; Nights
</a></h2>","<div class=""company"">
<span class=""name"">Chestnut Health Systems</span>
<ul class=""list-inline"">
</ul>
</div>","<div class=""location"">
<span class=""name"">
Bloomington, IL
</span>
</div>"
"<h2 class=""title""><a data-bypass=""true"" data-m_impr_a_placement_id=""JSR2CW"" data-m_impr_j_cid=""10"" data-m_impr_j_coc="""" data-m_impr_j_jawsid=""417690389"" data-m_impr_j_jobid=""0"" data-m_impr_j_jpm=""1"" data-m_impr_j_jpt=""2"" data-m_impr_j_lat=""41.0272"" data-m_impr_j_lid=""704"" data-m_impr_j_long=""-78.4392"" data-m_impr_j_occid=""11709"" data-m_impr_j_p=""4"" data-m_impr_j_postingid=""cd350dab-6e28-4acb-b347-7879c24ed312"" data-m_impr_j_pvc=""5e30140e-b38c-4989-95e9-d59c59d828a8"" data-m_impr_s_t=""t"" data-m_impr_uuid=""941f0aa4-6797-4738-9d13-37909d80247f"" href=""https://job-openings.monster.com/evening-cashier-sales-associate-3-00pm-11-00pm-clearfield-pa-us-sapp-bros-inc/cd350dab-6e28-4acb-b347-7879c24ed312"" onclick=""clickJobTitle('plid=704&amp;pcid=10&amp;poccid=11709','',''); clickJobTitleSiteCat('{&quot;events.event48&quot;:&quot;true&quot;,&quot;eVar25&quot;:&quot;Evening Cashier/Sales Associate (3:00pm-11:00pm)&quot;,&quot;eVar66&quot;:&quot;Monster&quot;,&quot;eVar67&quot;:&quot;JSR2CW&quot;,&quot;eVar26&quot;:&quot;_Sapp Bros., Inc.&quot;,&quot;eVar31&quot;:&quot;CLEARFIELD_PA_&quot;,&quot;prop24&quot;:&quot;2020-02-13T12:00&quot;,&quot;eVar53&quot;:&quot;4100683001001&quot;,&quot;eVar50&quot;:&quot;PPC&quot;,&quot;eVar74&quot;:&quot;logo&quot;}')"">Evening Cashier/Sales Associate (3:00pm-11:00pm)
</a></h2>","<div class=""company"">
<span class=""name"">Sapp Bros., Inc.</span>
<ul class=""list-inline"">
</ul>
</div>","<div class=""location"">
<span class=""name"">
CLEARFIELD, PA
</span>
</div>"
"<h2 class=""title""><a data-bypass=""true"" data-m_impr_a_placement_id=""JSR2CW"" data-m_impr_j_cid=""11"" data-m_impr_j_coc="""" data-m_impr_j_jawsid=""400321346"" data-m_impr_j_jobid=""0"" data-m_impr_j_jpm=""1"" data-m_impr_j_jpt=""2"" data-m_impr_j_lat=""37.256"" data-m_impr_j_lid=""356"" data-m_impr_j_long=""-121.9227"" data-m_impr_j_occid=""11741"" data-m_impr_j_p=""5"" data-m_impr_j_postingid=""fffea5ae-22ae-4fc6-a2e6-7b729ac8707d"" data-m_impr_j_pvc=""hireclixubereats"" data-m_impr_s_t=""t"" data-m_impr_uuid=""9ade69d5-2ff8-47c9-a6c0-1d7d4839b562"" href=""https://job-openings.monster.com/deliver-with-uber-on-your-schedule-san-jose-ca-us-uber-eats/fffea5ae-22ae-4fc6-a2e6-7b729ac8707d"" onclick=""clickJobTitle('plid=356&amp;pcid=11&amp;poccid=11741','',''); clickJobTitleSiteCat('{&quot;events.event48&quot;:&quot;true&quot;,&quot;eVar25&quot;:&quot;Deliver with Uber on your schedule&quot;,&quot;eVar66&quot;:&quot;Monster&quot;,&quot;eVar67&quot;:&quot;JSR2CW&quot;,&quot;eVar26&quot;:&quot;_Uber Eats&quot;,&quot;eVar31&quot;:&quot;San Jose_CA_&quot;,&quot;prop24&quot;:&quot;2020-02-12T12:00&quot;,&quot;eVar53&quot;:&quot;9901111000004&quot;,&quot;eVar50&quot;:&quot;PPC&quot;,&quot;eVar74&quot;:&quot;regular&quot;}')"">Deliver with Uber on your schedule
</a></h2>","<div class=""company"">
<span class=""name"">Uber Eats</span>
<ul class=""list-inline"">
</ul>
</div>","<div class=""location"">
<span class=""name"">
San Jose, CA
</span>
</div>"
"<h2 class=""title""><a data-bypass=""true"" data-m_impr_a_placement_id=""JSR2CW"" data-m_impr_j_cid=""3975"" data-m_impr_j_coc="""" data-m_impr_j_jawsid=""413805096"" data-m_impr_j_jobid=""0"" data-m_impr_j_jpm=""1"" data-m_impr_j_jpt=""2"" data-m_impr_j_lat=""29.4632"" data-m_impr_j_lid=""624"" data-m_impr_j_long=""-98.6762"" data-m_impr_j_occid=""11908"" data-m_impr_j_p=""6"" data-m_impr_j_postingid=""ffbff9ee-c097-4037-acab-0601b7e995b3"" data-m_impr_j_pvc=""19370590-4e7e-4913-9708-2157af6ca4a3"" data-m_impr_s_t=""t"" data-m_impr_uuid=""25e2abe6-6039-44fe-8120-a68925eef61e"" href=""https://job-openings.monster.com/rn-prn-registered-nurse-telemetry-san-antonio-tx-us-christus-health/ffbff9ee-c097-4037-acab-0601b7e995b3"" onclick=""clickJobTitle('plid=624&amp;pcid=3975&amp;poccid=11908','',''); clickJobTitleSiteCat('{&quot;events.event48&quot;:&quot;true&quot;,&quot;eVar25&quot;:&quot;RN PRN, Registered Nurse - Telemetry&quot;,&quot;eVar66&quot;:&quot;Monster&quot;,&quot;eVar67&quot;:&quot;JSR2CW&quot;,&quot;eVar26&quot;:&quot;_CHRISTUS Health&quot;,&quot;eVar31&quot;:&quot;San Antonio_TX_&quot;,&quot;prop22&quot;:&quot;Employee&quot;,&quot;prop24&quot;:&quot;2020-02-12T12:00&quot;,&quot;eVar53&quot;:&quot;2900498001001&quot;,&quot;eVar50&quot;:&quot;PPC&quot;,&quot;eVar74&quot;:&quot;logo&quot;}')"">RN PRN, Registered Nurse - Telemetry
</a></h2>","<div class=""company"">
<span class=""name"">CHRISTUS Health</span>
<ul class=""list-inline"">
</ul>
</div>","<div class=""location"">
<span class=""name"">
San Antonio, TX
</span>
</div>"
"<h2 class=""title""><a data-bypass=""true"" data-m_impr_a_placement_id=""JSR2CW"" data-m_impr_j_cid=""2"" data-m_impr_j_coc="""" data-m_impr_j_jawsid=""421738674"" data-m_impr_j_jobid=""705692"" data-m_impr_j_jpm=""1"" data-m_impr_j_jpt=""2"" data-m_impr_j_lat=""42.5361"" data-m_impr_j_lid=""470"" data-m_impr_j_long=""-83.1514"" data-m_impr_j_occid=""11894"" data-m_impr_j_p=""7"" data-m_impr_j_postingid=""fda8a84f-18cf-47b4-8a5e-c1d8688efa3f"" data-m_impr_j_pvc=""a9a0b2dc-978b-45ff-826d-0e865d8e1c59"" data-m_impr_s_t=""t"" data-m_impr_uuid=""675b05a9-7446-40f4-a6a7-8d7c09f0caf0"" href=""https://job-openings.monster.com/administrator-clawson-mi-us-cambridge-north-healthcare-center/fda8a84f-18cf-47b4-8a5e-c1d8688efa3f"" onclick=""clickJobTitle('plid=470&amp;pcid=2&amp;poccid=11894','',''); clickJobTitleSiteCat('{&quot;events.event48&quot;:&quot;true&quot;,&quot;eVar25&quot;:&quot;Administrator&quot;,&quot;eVar66&quot;:&quot;Monster&quot;,&quot;eVar67&quot;:&quot;JSR2CW&quot;,&quot;eVar26&quot;:&quot;_Cambridge North Healthcare Center&quot;,&quot;eVar31&quot;:&quot;Clawson_MI_&quot;,&quot;prop24&quot;:&quot;2020-02-13T12:00&quot;,&quot;eVar53&quot;:&quot;4300763001001&quot;,&quot;eVar50&quot;:&quot;PPC&quot;,&quot;eVar74&quot;:&quot;regular&quot;}')"">Administrator
</a></h2>","<div class=""company"">
<span class=""name"">Cambridge North Healthcare Center</span>
<ul class=""list-inline"">
</ul>
</div>","<div class=""location"">
<span class=""name"">
Clawson, MI
</span>
</div>"
"<h2 class=""title""><a data-bypass=""true"" data-m_impr_a_placement_id=""JSR2CW"" data-m_impr_j_cid=""3975"" data-m_impr_j_coc="""" data-m_impr_j_jawsid=""417986004"" data-m_impr_j_jobid=""10656"" data-m_impr_j_jpm=""1"" data-m_impr_j_jpt=""2"" data-m_impr_j_lat=""30.2265"" data-m_impr_j_lid=""447"" data-m_impr_j_long=""-93.2174"" data-m_impr_j_occid=""11885"" data-m_impr_j_p=""8"" data-m_impr_j_postingid=""fc2a65a9-2664-4802-a885-dab2202c075d"" data-m_impr_j_pvc=""efee55fb-3a6f-41e1-b7aa-0c7918ea5db4"" data-m_impr_s_t=""t"" data-m_impr_uuid=""95c089c8-8d3e-49c7-a926-05fc54f447e8"" href=""https://job-openings.monster.com/registered-nurse-rn-ft-days-15-000-sign-on-bonus-lake-charles-la-us-cornerstone-healthcare-group/fc2a65a9-2664-4802-a885-dab2202c075d"" onclick=""clickJobTitle('plid=447&amp;pcid=3975&amp;poccid=11885','',''); clickJobTitleSiteCat('{&quot;events.event48&quot;:&quot;true&quot;,&quot;eVar25&quot;:&quot;Registered Nurse - (RN) -FT- Days - $15,000 Sign on Bonus&quot;,&quot;eVar66&quot;:&quot;Monster&quot;,&quot;eVar67&quot;:&quot;JSR2CW&quot;,&quot;eVar26&quot;:&quot;_Cornerstone Healthcare Group&quot;,&quot;eVar31&quot;:&quot;Lake Charles_LA_&quot;,&quot;prop24&quot;:&quot;2020-02-13T12:00&quot;,&quot;eVar53&quot;:&quot;2900498001001&quot;,&quot;eVar50&quot;:&quot;PPC&quot;,&quot;eVar74&quot;:&quot;logo&quot;}')"">Registered Nurse - (RN) -FT- Days - $15,000 Sign on Bonus
</a></h2>","<div class=""company"">
<span class=""name"">Cornerstone Healthcare Group</span>
<ul class=""list-inline"">
</ul>
</div>","<div class=""location"">
<span class=""name"">
Lake Charles, LA
</span>
</div>"
"<h2 class=""title""><a data-bypass=""true"" data-m_impr_a_placement_id=""JSR2CW"" data-m_impr_j_cid=""11"" data-m_impr_j_coc="""" data-m_impr_j_jawsid=""413598774"" data-m_impr_j_jobid=""700154"" data-m_impr_j_jpm=""1"" data-m_impr_j_jpt=""2"" data-m_impr_j_lat=""30.3781"" data-m_impr_j_lid=""619"" data-m_impr_j_long=""-94.3538"" data-m_impr_j_occid=""11741"" data-m_impr_j_p=""9"" data-m_impr_j_postingid=""f8bf1451-ba8f-4bb0-af1f-0218755577be"" data-m_impr_j_pvc=""a9a0b2dc-978b-45ff-826d-0e865d8e1c59"" data-m_impr_s_t=""t"" data-m_impr_uuid=""c9c7c342-278c-4e5f-bfe5-61f0e28b26c8"" href=""https://job-openings.monster.com/certified-medication-aide-kountze-tx-us-kountze-nursing-center/f8bf1451-ba8f-4bb0-af1f-0218755577be"" onclick=""clickJobTitle('plid=619&amp;pcid=11&amp;poccid=11741','',''); clickJobTitleSiteCat('{&quot;events.event48&quot;:&quot;true&quot;,&quot;eVar25&quot;:&quot;Certified Medication Aide&quot;,&quot;eVar66&quot;:&quot;Monster&quot;,&quot;eVar67&quot;:&quot;JSR2CW&quot;,&quot;eVar26&quot;:&quot;_Kountze Nursing Center&quot;,&quot;eVar31&quot;:&quot;Kountze_TX_&quot;,&quot;prop24&quot;:&quot;2020-02-13T12:00&quot;,&quot;eVar53&quot;:&quot;9901111000004&quot;,&quot;eVar50&quot;:&quot;PPC&quot;,&quot;eVar74&quot;:&quot;regular&quot;}')"">Certified Medication Aide
</a></h2>","<div class=""company"">
<span class=""name"">Kountze Nursing Center</span>
<ul class=""list-inline"">
</ul>
</div>","<div class=""location"">
<span class=""name"">
Kountze, TX
</span>
</div>"
"<h2 class=""title""><a data-bypass=""true"" data-m_impr_a_placement_id=""JSR2CW"" data-m_impr_j_cid=""1"" data-m_impr_j_coc="""" data-m_impr_j_jawsid=""384280074"" data-m_impr_j_jobid=""0"" data-m_impr_j_jpm=""1"" data-m_impr_j_jpt=""2"" data-m_impr_j_lat=""41.4738"" data-m_impr_j_lid=""560"" data-m_impr_j_long=""-81.7397"" data-m_impr_j_occid=""11711"" data-m_impr_j_p=""10"" data-m_impr_j_postingid=""f74ab220-93dd-43c5-9c4c-7c7b9d702d7f"" data-m_impr_j_pvc=""e8e7415b-3f42-402b-9bc9-401a7ab9203c"" data-m_impr_s_t=""t"" data-m_impr_uuid=""14cc1a12-c5f6-4fd5-8d45-10855734efc5"" href=""https://job-openings.monster.com/mortgage-loan-officer-cleveland-oh-us-quicken-loans/f74ab220-93dd-43c5-9c4c-7c7b9d702d7f"" onclick=""clickJobTitle('plid=560&amp;pcid=1&amp;poccid=11711','',''); clickJobTitleSiteCat('{&quot;events.event48&quot;:&quot;true&quot;,&quot;eVar25&quot;:&quot;Mortgage Loan Officer&quot;,&quot;eVar66&quot;:&quot;Monster&quot;,&quot;eVar67&quot;:&quot;JSR2CW&quot;,&quot;eVar26&quot;:&quot;_Quicken Loans&quot;,&quot;eVar31&quot;:&quot;Cleveland_OH_&quot;,&quot;prop24&quot;:&quot;2020-02-13T12:00&quot;,&quot;eVar53&quot;:&quot;1300114001001&quot;,&quot;eVar50&quot;:&quot;PPC&quot;,&quot;eVar74&quot;:&quot;logo&quot;}')"">Mortgage Loan Officer
</a></h2>","<div class=""company"">
<span class=""name"">Quicken Loans</span>
<ul class=""list-inline"">
</ul>
</div>","<div class=""location"">
<span class=""name"">
Cleveland, OH
</span>
</div>"
"<h2 class=""title""><a data-bypass=""true"" data-m_impr_a_placement_id=""JSRSEC"" data-m_impr_j_cid=""9008"" data-m_impr_j_coc=""xradsysincx"" data-m_impr_j_jawsid=""420818702"" data-m_impr_j_jobid=""215626891"" data-m_impr_j_jpm=""1"" data-m_impr_j_jpt=""1"" data-m_impr_j_lat=""43.8666"" data-m_impr_j_lid=""0"" data-m_impr_j_long=""-79.4335"" data-m_impr_j_occid=""11934"" data-m_impr_j_p=""11"" data-m_impr_j_postingid=""7705408e-23e6-40af-a7b2-b005683167e0"" data-m_impr_j_pvc=""monster"" data-m_impr_s_t=""m"" data-m_impr_uuid=""04e95a16-b273-42ce-905e-be6e8be791c7"" href=""https://job-openings.monster.com/contract-manager-richmond-hill-on-ca-radiant-systems-inc/215626891"" onclick=""clickJobTitle('plid=0&amp;pcid=9008&amp;poccid=11934&amp;poccid=11934&amp;poccid=11934','',''); clickJobTitleSiteCat('{&quot;events.event48&quot;:&quot;true&quot;,&quot;events.event65&quot;:&quot;true&quot;,&quot;eVar25&quot;:&quot;Contract Manager&quot;,&quot;eVar66&quot;:&quot;Monster&quot;,&quot;eVar67&quot;:&quot;JSRSEC&quot;,&quot;eVar26&quot;:&quot;xradsysincx_Radiant Systems Inc&quot;,&quot;eVar31&quot;:&quot;Richmond Hill_ON_&quot;,&quot;prop22&quot;:&quot;Full-Time&quot;,&quot;prop24&quot;:&quot;2020-02-05T01:00&quot;,&quot;eVar47&quot;:&quot;monster&quot;,&quot;eVar53&quot;:&quot;1300093001001&quot;,&quot;eVar50&quot;:&quot;Duration&quot;,&quot;eVar74&quot;:&quot;regular&quot;}')"">Contract Manager
</a></h2>","<div class=""company"">
<span class=""name"">Radiant Systems Inc</span>
<ul class=""list-inline"">
</ul>
</div>","<div class=""location"">
<span class=""name"">
Richmond Hill, ON
</span>
</div>"
"<h2 class=""title""><a data-bypass=""true"" data-m_impr_a_placement_id=""JSR2CW"" data-m_impr_j_cid=""11"" data-m_impr_j_coc="""" data-m_impr_j_jawsid=""413598718"" data-m_impr_j_jobid=""701469"" data-m_impr_j_jpm=""1"" data-m_impr_j_jpt=""2"" data-m_impr_j_lat=""39.1648"" data-m_impr_j_lid=""20583"" data-m_impr_j_long=""-76.6418"" data-m_impr_j_occid=""11741"" data-m_impr_j_p=""12"" data-m_impr_j_postingid=""f652d8dc-9301-428e-bc09-b52eaebc0799"" data-m_impr_j_pvc=""a9a0b2dc-978b-45ff-826d-0e865d8e1c59"" data-m_impr_s_t=""t"" data-m_impr_uuid=""ed2c048f-d9de-4449-904d-2e034e5f34b0"" href=""https://job-openings.monster.com/certified-medication-aide-glen-burnie-md-us-north-arundel-health-rehabilitation-center/f652d8dc-9301-428e-bc09-b52eaebc0799"" onclick=""clickJobTitle('plid=20583&amp;pcid=11&amp;poccid=11741','',''); clickJobTitleSiteCat('{&quot;events.event48&quot;:&quot;true&quot;,&quot;eVar25&quot;:&quot;Certified Medication Aide&quot;,&quot;eVar66&quot;:&quot;Monster&quot;,&quot;eVar67&quot;:&quot;JSR2CW&quot;,&quot;eVar26&quot;:&quot;_North Arundel Health and Rehabilitation Center&quot;,&quot;eVar31&quot;:&quot;Glen Burnie_MD_&quot;,&quot;prop24&quot;:&quot;2020-02-13T12:00&quot;,&quot;eVar53&quot;:&quot;9901111000004&quot;,&quot;eVar50&quot;:&quot;PPC&quot;,&quot;eVar74&quot;:&quot;regular&quot;}')"">Certified Medication Aide
</a></h2>","<div class=""company"">
<span class=""name"">North Arundel Health and Rehabilitation Center</span>
<ul class=""list-inline"">
</ul>
</div>","<div class=""location"">
<span class=""name"">
Glen Burnie, MD
</span>
</div>"
"<h2 class=""title""><a data-bypass=""true"" data-m_impr_a_placement_id=""JSR2CW"" data-m_impr_j_cid=""553"" data-m_impr_j_coc="""" data-m_impr_j_jawsid=""408902876"" data-m_impr_j_jobid=""1914271"" data-m_impr_j_jpm=""1"" data-m_impr_j_jpt=""2"" data-m_impr_j_lat=""41.6639"" data-m_impr_j_lid=""29331"" data-m_impr_j_long=""-83.5553"" data-m_impr_j_occid=""12000"" data-m_impr_j_p=""13"" data-m_impr_j_postingid=""f51c1cc2-cb47-419f-8538-92adaf4e0b92"" data-m_impr_j_pvc=""tmppenske"" data-m_impr_s_t=""t"" data-m_impr_uuid=""826179ad-0373-4d3f-b1a9-389e9d2706c9"" href=""https://job-openings.monster.com/diesel-mechanic-technician-i-experienced-toledo-oh-us-penske/f51c1cc2-cb47-419f-8538-92adaf4e0b92"" onclick=""clickJobTitle('plid=29331&amp;pcid=553&amp;poccid=12000','',''); clickJobTitleSiteCat('{&quot;events.event48&quot;:&quot;true&quot;,&quot;eVar25&quot;:&quot;Diesel Mechanic/Technician I - Experienced&quot;,&quot;eVar66&quot;:&quot;Monster&quot;,&quot;eVar67&quot;:&quot;JSR2CW&quot;,&quot;eVar26&quot;:&quot;_Penske&quot;,&quot;eVar31&quot;:&quot;Toledo_OH_&quot;,&quot;prop24&quot;:&quot;2020-02-13T12:00&quot;,&quot;eVar53&quot;:&quot;4900871001001&quot;,&quot;eVar50&quot;:&quot;PPC&quot;,&quot;eVar74&quot;:&quot;logo&quot;}')"">Diesel Mechanic/Technician I - Experienced
</a></h2>","<div class=""company"">
<span class=""name"">Penske</span>
<ul class=""list-inline"">
</ul>
</div>","<div class=""location"">
<span class=""name"">
Toledo, OH
</span>
</div>"
"<h2 class=""title""><a data-bypass=""true"" data-m_impr_a_placement_id=""JSR2CW"" data-m_impr_j_cid=""660"" data-m_impr_j_coc="""" data-m_impr_j_jawsid=""411412342"" data-m_impr_j_jobid=""3973"" data-m_impr_j_jpm=""1"" data-m_impr_j_jpt=""2"" data-m_impr_j_lat=""40.7338"" data-m_impr_j_lid=""534"" data-m_impr_j_long=""-74.2761"" data-m_impr_j_occid=""11882"" data-m_impr_j_p=""14"" data-m_impr_j_postingid=""f491b1c5-eb91-4cf4-9e22-e20af8c49243"" data-m_impr_j_pvc=""6cde140c-10c3-4aee-a47d-9bca44e3574a"" data-m_impr_s_t=""t"" data-m_impr_uuid=""4c762218-7b24-4ac6-bd56-e0435ce51ec9"" href=""https://job-openings.monster.com/marketing-technology-specialist-job-in-maplewood-maplewood-nj-us-weichert/f491b1c5-eb91-4cf4-9e22-e20af8c49243"" onclick=""clickJobTitle('plid=534&amp;pcid=660&amp;poccid=11882','',''); clickJobTitleSiteCat('{&quot;events.event48&quot;:&quot;true&quot;,&quot;eVar25&quot;:&quot;Marketing and Technology Specialist Job in Maplewood&quot;,&quot;eVar66&quot;:&quot;Monster&quot;,&quot;eVar67&quot;:&quot;JSR2CW&quot;,&quot;eVar26&quot;:&quot;_Weichert&quot;,&quot;eVar31&quot;:&quot;Maplewood_NJ_&quot;,&quot;prop24&quot;:&quot;2020-02-13T12:00&quot;,&quot;eVar53&quot;:&quot;1500131001001&quot;,&quot;eVar50&quot;:&quot;PPC&quot;,&quot;eVar74&quot;:&quot;regular&quot;}')"">Marketing and Technology Specialist Job in Maplewood
</a></h2>","<div class=""company"">
<span class=""name"">Weichert</span>
<ul class=""list-inline"">
</ul>
</div>","<div class=""location"">
<span class=""name"">
Maplewood, NJ
</span>
</div>"
"<h2 class=""title""><a data-bypass=""true"" data-m_impr_a_placement_id=""JSR2CW"" data-m_impr_j_cid=""2"" data-m_impr_j_coc="""" data-m_impr_j_jawsid=""419769983"" data-m_impr_j_jobid=""704314"" data-m_impr_j_jpm=""1"" data-m_impr_j_jpt=""2"" data-m_impr_j_lat=""30.0586"" data-m_impr_j_lid=""612"" data-m_impr_j_long=""-98.15"" data-m_impr_j_occid=""11713"" data-m_impr_j_p=""15"" data-m_impr_j_postingid=""efbf648e-3a0f-4ac6-bc67-5aae2ceef4db"" data-m_impr_j_pvc=""a9a0b2dc-978b-45ff-826d-0e865d8e1c59"" data-m_impr_s_t=""t"" data-m_impr_uuid=""c1c9d208-1671-445a-81bb-792fd36425c3"" href=""https://job-openings.monster.com/resident-assistant-wimberley-tx-us-deer-creek-of-wimberley/efbf648e-3a0f-4ac6-bc67-5aae2ceef4db"" onclick=""clickJobTitle('plid=612&amp;pcid=2&amp;poccid=11713','',''); clickJobTitleSiteCat('{&quot;events.event48&quot;:&quot;true&quot;,&quot;eVar25&quot;:&quot;Resident Assistant&quot;,&quot;eVar66&quot;:&quot;Monster&quot;,&quot;eVar67&quot;:&quot;JSR2CW&quot;,&quot;eVar26&quot;:&quot;_Deer Creek of Wimberley&quot;,&quot;eVar31&quot;:&quot;Wimberley_TX_&quot;,&quot;prop24&quot;:&quot;2020-02-13T12:00&quot;,&quot;eVar53&quot;:&quot;4300758001001&quot;,&quot;eVar50&quot;:&quot;PPC&quot;,&quot;eVar74&quot;:&quot;regular&quot;}')"">Resident Assistant
</a></h2>","<div class=""company"">
<span class=""name"">Deer Creek of Wimberley</span>
<ul class=""list-inline"">
</ul>
</div>","<div class=""location"">
<span class=""name"">
Wimberley, TX
</span>
</div>"
"<h2 class=""title""><a data-bypass=""true"" data-m_impr_a_placement_id=""JSR2CW"" data-m_impr_j_cid=""3561"" data-m_impr_j_coc="""" data-m_impr_j_jawsid=""420450975"" data-m_impr_j_jobid=""704435"" data-m_impr_j_jpm=""1"" data-m_impr_j_jpt=""2"" data-m_impr_j_lat=""43.2326"" data-m_impr_j_lid=""656"" data-m_impr_j_long=""-88.1158"" data-m_impr_j_occid=""11830"" data-m_impr_j_p=""16"" data-m_impr_j_postingid=""ee91aa34-e55f-4913-8952-8d9c841d832b"" data-m_impr_j_pvc=""a9a0b2dc-978b-45ff-826d-0e865d8e1c59"" data-m_impr_s_t=""t"" data-m_impr_uuid=""4cc158cb-cf3d-4754-ab75-c91a6f7fd737"" href=""https://job-openings.monster.com/unit-manager-rn-germantown-wi-us-virginia-highlands-health-rehabilitation-center/ee91aa34-e55f-4913-8952-8d9c841d832b"" onclick=""clickJobTitle('plid=656&amp;pcid=3561&amp;poccid=11830','',''); clickJobTitleSiteCat('{&quot;events.event48&quot;:&quot;true&quot;,&quot;eVar25&quot;:&quot;Unit Manager RN&quot;,&quot;eVar66&quot;:&quot;Monster&quot;,&quot;eVar67&quot;:&quot;JSR2CW&quot;,&quot;eVar26&quot;:&quot;_Virginia Highlands Health and Rehabilitation Center&quot;,&quot;eVar31&quot;:&quot;Germantown_WI_&quot;,&quot;prop24&quot;:&quot;2020-02-13T12:00&quot;,&quot;eVar53&quot;:&quot;1100047001001&quot;,&quot;eVar50&quot;:&quot;PPC&quot;,&quot;eVar74&quot;:&quot;regular&quot;}')"">Unit Manager RN
</a></h2>","<div class=""company"">
<span class=""name"">Virginia Highlands Health and Rehabilitation Center</span>
<ul class=""list-inline"">
</ul>
</div>","<div class=""location"">
<span class=""name"">
Germantown, WI
</span>
</div>"
"<h2 class=""title""><a data-bypass=""true"" data-m_impr_a_placement_id=""JSR2CW"" data-m_impr_j_cid=""2"" data-m_impr_j_coc="""" data-m_impr_j_jawsid=""417590380"" data-m_impr_j_jobid=""703342"" data-m_impr_j_jpm=""1"" data-m_impr_j_jpt=""2"" data-m_impr_j_lat=""40.6695"" data-m_impr_j_lid=""361"" data-m_impr_j_long=""-103.2827"" data-m_impr_j_occid=""11802"" data-m_impr_j_p=""17"" data-m_impr_j_postingid=""ea76aebc-8ea7-4972-b173-5dde73ebecf6"" data-m_impr_j_pvc=""a9a0b2dc-978b-45ff-826d-0e865d8e1c59"" data-m_impr_s_t=""t"" data-m_impr_uuid=""36e585af-8f47-4fc0-a66f-92007adb629e"" href=""https://job-openings.monster.com/health-information-coordinator-sterling-co-us-sterling-living-center/ea76aebc-8ea7-4972-b173-5dde73ebecf6"" onclick=""clickJobTitle('plid=361&amp;pcid=2&amp;poccid=11802','',''); clickJobTitleSiteCat('{&quot;events.event48&quot;:&quot;true&quot;,&quot;eVar25&quot;:&quot;Health Information Coordinator&quot;,&quot;eVar66&quot;:&quot;Monster&quot;,&quot;eVar67&quot;:&quot;JSR2CW&quot;,&quot;eVar26&quot;:&quot;_Sterling Living Center&quot;,&quot;eVar31&quot;:&quot;Sterling_CO_&quot;,&quot;prop24&quot;:&quot;2020-02-13T12:00&quot;,&quot;eVar53&quot;:&quot;2900531001001&quot;,&quot;eVar50&quot;:&quot;PPC&quot;,&quot;eVar74&quot;:&quot;regular&quot;}')"">Health Information Coordinator
</a></h2>","<div class=""company"">
<span class=""name"">Sterling Living Center</span>
<ul class=""list-inline"">
</ul>
</div>","<div class=""location"">
<span class=""name"">
Sterling, CO
</span>
</div>"
"<h2 class=""title""><a data-bypass=""true"" data-m_impr_a_placement_id=""JSR2CW"" data-m_impr_j_cid=""1"" data-m_impr_j_coc="""" data-m_impr_j_jawsid=""419778267"" data-m_impr_j_jobid=""0"" data-m_impr_j_jpm=""1"" data-m_impr_j_jpt=""2"" data-m_impr_j_lat=""33.4483"" data-m_impr_j_lid=""338"" data-m_impr_j_long=""-112.0741"" data-m_impr_j_occid=""14866"" data-m_impr_j_p=""18"" data-m_impr_j_postingid=""e84b3145-aef1-47ad-96b0-c9c83cedb8e0"" data-m_impr_j_pvc=""14f37d11-f1e1-47fb-8a08-6512f7f0787e"" data-m_impr_s_t=""t"" data-m_impr_uuid=""672fdbcf-d888-44a1-bf0b-8dea9f1b9720"" href=""https://job-openings.monster.com/work-injury-claims-examiner-phoenix-az-us-swift-transportation/e84b3145-aef1-47ad-96b0-c9c83cedb8e0"" onclick=""clickJobTitle('plid=338&amp;pcid=1&amp;poccid=14866','',''); clickJobTitleSiteCat('{&quot;events.event48&quot;:&quot;true&quot;,&quot;eVar25&quot;:&quot;WORK INJURY CLAIMS EXAMINER&quot;,&quot;eVar66&quot;:&quot;Monster&quot;,&quot;eVar67&quot;:&quot;JSR2CW&quot;,&quot;eVar26&quot;:&quot;_Swift Transportation&quot;,&quot;eVar31&quot;:&quot;Phoenix_AZ_&quot;,&quot;prop24&quot;:&quot;2020-02-13T12:00&quot;,&quot;eVar53&quot;:&quot;1300071001001&quot;,&quot;eVar50&quot;:&quot;PPC&quot;,&quot;eVar74&quot;:&quot;regular&quot;}')"">WORK INJURY CLAIMS EXAMINER
</a></h2>","<div class=""company"">
<span class=""name"">Swift Transportation</span>
<ul class=""list-inline"">
</ul>
</div>","<div class=""location"">
<span class=""name"">
Phoenix, AZ
</span>
</div>"
"<h2 class=""title""><a data-bypass=""true"" data-m_impr_a_placement_id=""JSR2CW"" data-m_impr_j_cid=""3975"" data-m_impr_j_coc="""" data-m_impr_j_jawsid=""417590394"" data-m_impr_j_jobid=""0"" data-m_impr_j_jpm=""1"" data-m_impr_j_jpt=""2"" data-m_impr_j_lat=""39.0051"" data-m_impr_j_lid=""708"" data-m_impr_j_long=""-77.1009"" data-m_impr_j_occid=""11871"" data-m_impr_j_p=""19"" data-m_impr_j_postingid=""e6ca22c4-c175-4d97-af70-5a25ac366cf4"" data-m_impr_j_pvc=""a9a0b2dc-978b-45ff-826d-0e865d8e1c59"" data-m_impr_s_t=""t"" data-m_impr_uuid=""8ac91778-ee1b-4e6d-ad9c-c97c71361f22"" href=""https://job-openings.monster.com/occupational-therapist-bethesda-md-us-bethesda-health-rehabilitation-center/e6ca22c4-c175-4d97-af70-5a25ac366cf4"" onclick=""clickJobTitle('plid=708&amp;pcid=3975&amp;poccid=11871','',''); clickJobTitleSiteCat('{&quot;events.event48&quot;:&quot;true&quot;,&quot;eVar25&quot;:&quot;Occupational Therapist&quot;,&quot;eVar66&quot;:&quot;Monster&quot;,&quot;eVar67&quot;:&quot;JSR2CW&quot;,&quot;eVar26&quot;:&quot;_Bethesda Health and Rehabilitation Center&quot;,&quot;eVar31&quot;:&quot;Bethesda_MD_&quot;,&quot;prop24&quot;:&quot;2020-02-13T12:00&quot;,&quot;eVar53&quot;:&quot;2900486001001&quot;,&quot;eVar50&quot;:&quot;PPC&quot;,&quot;eVar74&quot;:&quot;regular&quot;}')"">Occupational Therapist
</a></h2>","<div class=""company"">
<span class=""name"">Bethesda Health and Rehabilitation Center</span>
<ul class=""list-inline"">
</ul>
</div>","<div class=""location"">
<span class=""name"">
Bethesda, MD
</span>
</div>"
"<h2 class=""title""><a data-bypass=""true"" data-m_impr_a_placement_id=""JSR2CW"" data-m_impr_j_cid=""47"" data-m_impr_j_coc="""" data-m_impr_j_jawsid=""420887498"" data-m_impr_j_jobid=""705202"" data-m_impr_j_jpm=""1"" data-m_impr_j_jpt=""2"" data-m_impr_j_lat=""37.4298"" data-m_impr_j_lid=""365"" data-m_impr_j_long=""-107.8477"" data-m_impr_j_occid=""11933"" data-m_impr_j_p=""20"" data-m_impr_j_postingid=""e451a19d-f53e-416d-81d7-a12beb4a529a"" data-m_impr_j_pvc=""a9a0b2dc-978b-45ff-826d-0e865d8e1c59"" data-m_impr_s_t=""t"" data-m_impr_uuid=""411689c6-201b-4202-a2e5-a44b48de2da2"" href=""https://job-openings.monster.com/scheduler-durango-co-us-four-corners-health-care-center/e451a19d-f53e-416d-81d7-a12beb4a529a"" onclick=""clickJobTitle('plid=365&amp;pcid=47&amp;poccid=11933','',''); clickJobTitleSiteCat('{&quot;events.event48&quot;:&quot;true&quot;,&quot;eVar25&quot;:&quot;Scheduler&quot;,&quot;eVar66&quot;:&quot;Monster&quot;,&quot;eVar67&quot;:&quot;JSR2CW&quot;,&quot;eVar26&quot;:&quot;_Four Corners Health Care Center&quot;,&quot;eVar31&quot;:&quot;Durango_CO_&quot;,&quot;prop24&quot;:&quot;2020-02-13T12:00&quot;,&quot;eVar53&quot;:&quot;4300738001001&quot;,&quot;eVar50&quot;:&quot;PPC&quot;,&quot;eVar74&quot;:&quot;regular&quot;}')"">Scheduler
</a></h2>","<div class=""company"">
<span class=""name"">Four Corners Health Care Center</span>
<ul class=""list-inline"">
</ul>
</div>","<div class=""location"">
<span class=""name"">
Durango, CO
</span>
</div>"
"<h2 class=""title""><a data-bypass=""true"" data-m_impr_a_placement_id=""JSR2CW"" data-m_impr_j_cid=""3975"" data-m_impr_j_coc="""" data-m_impr_j_jawsid=""417731927"" data-m_impr_j_jobid=""7124"" data-m_impr_j_jpm=""1"" data-m_impr_j_jpt=""2"" data-m_impr_j_lat=""41.3263"" data-m_impr_j_lid=""885"" data-m_impr_j_long=""-72.2147"" data-m_impr_j_occid=""11820"" data-m_impr_j_p=""21"" data-m_impr_j_postingid=""e23e4001-de88-4861-a9e0-6c62bdcdf623"" data-m_impr_j_pvc=""a9a0b2dc-978b-45ff-826d-0e865d8e1c59"" data-m_impr_s_t=""t"" data-m_impr_uuid=""f1bafe38-29d4-469c-94f5-a7a09280c7ee"" href=""https://job-openings.monster.com/physical-therapist-asst-no-b-niantic-ct-us-bride-brook-health-rehabilitation-center/e23e4001-de88-4861-a9e0-6c62bdcdf623"" onclick=""clickJobTitle('plid=885&amp;pcid=3975&amp;poccid=11820','',''); clickJobTitleSiteCat('{&quot;events.event48&quot;:&quot;true&quot;,&quot;eVar25&quot;:&quot;Physical Therapist Asst - no b&quot;,&quot;eVar66&quot;:&quot;Monster&quot;,&quot;eVar67&quot;:&quot;JSR2CW&quot;,&quot;eVar26&quot;:&quot;_Bride Brook Health and Rehabilitation Center&quot;,&quot;eVar31&quot;:&quot;Niantic_CT_&quot;,&quot;prop24&quot;:&quot;2020-02-13T12:00&quot;,&quot;eVar53&quot;:&quot;3100552001001&quot;,&quot;eVar50&quot;:&quot;PPC&quot;,&quot;eVar74&quot;:&quot;regular&quot;}')"">Physical Therapist Asst - no b
</a></h2>","<div class=""company"">
<span class=""name"">Bride Brook Health and Rehabilitation Center</span>
<ul class=""list-inline"">
</ul>
</div>","<div class=""location"">
<span class=""name"">
Niantic, CT
</span>
</div>"
"<h2 class=""title""><a data-bypass=""true"" data-m_impr_a_placement_id=""JSR2CW"" data-m_impr_j_cid=""5625"" data-m_impr_j_coc="""" data-m_impr_j_jawsid=""412757400"" data-m_impr_j_jobid=""0"" data-m_impr_j_jpm=""1"" data-m_impr_j_jpt=""2"" data-m_impr_j_lat=""33.9534"" data-m_impr_j_lid=""20587"" data-m_impr_j_long=""-117.3962"" data-m_impr_j_occid=""11994"" data-m_impr_j_p=""22"" data-m_impr_j_postingid=""d98b2ee3-5efa-4b36-9e8c-42cc510ce607"" data-m_impr_j_pvc=""081b73fc-8ec4-4eee-b8d4-f96e208e38d9"" data-m_impr_s_t=""t"" data-m_impr_uuid=""cb402b78-8d1a-4595-861c-8593ef85daca"" href=""https://job-openings.monster.com/truck-driver-class-a-riverside-ca-us-altec-industries-inc/d98b2ee3-5efa-4b36-9e8c-42cc510ce607"" onclick=""clickJobTitle('plid=20587&amp;pcid=5625&amp;poccid=11994','',''); clickJobTitleSiteCat('{&quot;events.event48&quot;:&quot;true&quot;,&quot;eVar25&quot;:&quot;Truck Driver - Class A&quot;,&quot;eVar66&quot;:&quot;Monster&quot;,&quot;eVar67&quot;:&quot;JSR2CW&quot;,&quot;eVar26&quot;:&quot;_Altec Industries, Inc.&quot;,&quot;eVar31&quot;:&quot;Riverside_CA_&quot;,&quot;prop24&quot;:&quot;2020-02-13T12:00&quot;,&quot;eVar53&quot;:&quot;5301045001001&quot;,&quot;eVar50&quot;:&quot;PPC&quot;,&quot;eVar74&quot;:&quot;logo&quot;}')"">Truck Driver - Class A
</a></h2>","<div class=""company"">
<span class=""name"">Altec Industries, Inc.</span>
<ul class=""list-inline"">
</ul>
</div>","<div class=""location"">
<span class=""name"">
Riverside, CA
</span>
</div>"
"<h2 class=""title""><a data-bypass=""true"" data-m_impr_a_placement_id=""JSR2CW"" data-m_impr_j_cid=""3975"" data-m_impr_j_coc="""" data-m_impr_j_jawsid=""421760074"" data-m_impr_j_jobid=""0"" data-m_impr_j_jpm=""1"" data-m_impr_j_jpt=""2"" data-m_impr_j_lat=""45.4423"" data-m_impr_j_lid=""578"" data-m_impr_j_long=""-122.7727"" data-m_impr_j_occid=""11870"" data-m_impr_j_p=""23"" data-m_impr_j_postingid=""d96645e2-8088-437d-bffe-e424e4fefa94"" data-m_impr_j_pvc=""appcastpx2"" data-m_impr_s_t=""t"" data-m_impr_uuid=""3d7576db-0f34-416a-91e3-0d8ed0e378b2"" href=""https://job-openings.monster.com/allied-health-physical-therapist-tigard-or-us-centra-healthcare-solutions/d96645e2-8088-437d-bffe-e424e4fefa94"" onclick=""clickJobTitle('plid=578&amp;pcid=3975&amp;poccid=11870','',''); clickJobTitleSiteCat('{&quot;events.event48&quot;:&quot;true&quot;,&quot;eVar25&quot;:&quot;Allied Health Physical Therapist&quot;,&quot;eVar66&quot;:&quot;Monster&quot;,&quot;eVar67&quot;:&quot;JSR2CW&quot;,&quot;eVar26&quot;:&quot;_Centra Healthcare Solutions&quot;,&quot;eVar31&quot;:&quot;Tigard_OR_&quot;,&quot;prop24&quot;:&quot;2020-02-13T12:00&quot;,&quot;eVar53&quot;:&quot;2900488001001&quot;,&quot;eVar50&quot;:&quot;PPC&quot;,&quot;eVar74&quot;:&quot;regular&quot;}')"">Allied Health Physical Therapist
</a></h2>","<div class=""company"">
<span class=""name"">Centra Healthcare Solutions</span>
<ul class=""list-inline"">
</ul>
</div>","<div class=""location"">
<span class=""name"">
Tigard, OR
</span>
</div>"
"<h2 class=""title""><a data-bypass=""true"" data-m_impr_a_placement_id=""JSR2CW"" data-m_impr_j_cid=""11"" data-m_impr_j_coc="""" data-m_impr_j_jawsid=""417731941"" data-m_impr_j_jobid=""703365"" data-m_impr_j_jpm=""1"" data-m_impr_j_jpt=""2"" data-m_impr_j_lat=""35.0445"" data-m_impr_j_lid=""513"" data-m_impr_j_long=""-77.957"" data-m_impr_j_occid=""11741"" data-m_impr_j_p=""24"" data-m_impr_j_postingid=""d69e61e2-4b06-4c43-ac9e-407326d1e16d"" data-m_impr_j_pvc=""a9a0b2dc-978b-45ff-826d-0e865d8e1c59"" data-m_impr_s_t=""t"" data-m_impr_uuid=""3b23d9a5-0fc8-4b76-80aa-c6792ac8c354"" href=""https://job-openings.monster.com/certified-medication-aide-kenansville-nc-us-kenansville-health-rehabilitation-center/d69e61e2-4b06-4c43-ac9e-407326d1e16d"" onclick=""clickJobTitle('plid=513&amp;pcid=11&amp;poccid=11741','',''); clickJobTitleSiteCat('{&quot;events.event48&quot;:&quot;true&quot;,&quot;eVar25&quot;:&quot;Certified Medication Aide&quot;,&quot;eVar66&quot;:&quot;Monster&quot;,&quot;eVar67&quot;:&quot;JSR2CW&quot;,&quot;eVar26&quot;:&quot;_Kenansville Health and Rehabilitation Center&quot;,&quot;eVar31&quot;:&quot;Kenansville_NC_&quot;,&quot;prop24&quot;:&quot;2020-02-13T12:00&quot;,&quot;eVar53&quot;:&quot;9901111000004&quot;,&quot;eVar50&quot;:&quot;PPC&quot;,&quot;eVar74&quot;:&quot;regular&quot;}')"">Certified Medication Aide
</a></h2>","<div class=""company"">
<span class=""name"">Kenansville Health and Rehabilitation Center</span>
<ul class=""list-inline"">
</ul>
</div>","<div class=""location"">
<span class=""name"">
Kenansville, NC
</span>
</div>"
"<h2 class=""title""><a data-bypass=""true"" data-m_impr_a_placement_id=""JSR2CW"" data-m_impr_j_cid=""3975"" data-m_impr_j_coc="""" data-m_impr_j_jawsid=""420887500"" data-m_impr_j_jobid=""705209"" data-m_impr_j_jpm=""1"" data-m_impr_j_jpt=""2"" data-m_impr_j_lat=""35.6101"" data-m_impr_j_lid=""516"" data-m_impr_j_long=""-78.4715"" data-m_impr_j_occid=""11967"" data-m_impr_j_p=""25"" data-m_impr_j_postingid=""d204137e-e716-4052-ae8a-b039d5b6d277"" data-m_impr_j_pvc=""a9a0b2dc-978b-45ff-826d-0e865d8e1c59"" data-m_impr_s_t=""t"" data-m_impr_uuid=""e17f824d-e083-436c-90ab-554c6150a722"" href=""https://job-openings.monster.com/social-worker-degreed-clayton-nc-us-brian-center-health-retirement-clayton/d204137e-e716-4052-ae8a-b039d5b6d277"" onclick=""clickJobTitle('plid=516&amp;pcid=3975&amp;poccid=11967','',''); clickJobTitleSiteCat('{&quot;events.event48&quot;:&quot;true&quot;,&quot;eVar25&quot;:&quot;Social Worker - Degreed&quot;,&quot;eVar66&quot;:&quot;Monster&quot;,&quot;eVar67&quot;:&quot;JSR2CW&quot;,&quot;eVar26&quot;:&quot;_Brian Center Health \u0026 Retirement/Clayton&quot;,&quot;eVar31&quot;:&quot;Clayton_NC_&quot;,&quot;prop24&quot;:&quot;2020-02-13T12:00&quot;,&quot;eVar53&quot;:&quot;2100318001001&quot;,&quot;eVar50&quot;:&quot;PPC&quot;,&quot;eVar74&quot;:&quot;regular&quot;}')"">Social Worker - Degreed
</a></h2>","<div class=""company"">
<span class=""name"">Brian Center Health &amp; Retirement/Clayton</span>
<ul class=""list-inline"">
</ul>
</div>","<div class=""location"">
<span class=""name"">
Clayton, NC
</span>
</div>"
"<h2 class=""title""><a data-bypass=""true"" data-m_impr_a_placement_id=""JSR2CW"" data-m_impr_j_cid=""3975"" data-m_impr_j_coc="""" data-m_impr_j_jawsid=""419769968"" data-m_impr_j_jobid=""704310"" data-m_impr_j_jpm=""1"" data-m_impr_j_jpt=""2"" data-m_impr_j_lat=""38.4815"" data-m_impr_j_lid=""365"" data-m_impr_j_long=""-107.8639"" data-m_impr_j_occid=""11785"" data-m_impr_j_p=""26"" data-m_impr_j_postingid=""d1735572-cf90-428c-b15b-4ead1fa248d3"" data-m_impr_j_pvc=""a9a0b2dc-978b-45ff-826d-0e865d8e1c59"" data-m_impr_s_t=""t"" data-m_impr_uuid=""cc9128b3-3593-4ed5-a0ec-92fa37b2dd1f"" href=""https://job-openings.monster.com/paramedic-montrose-co-us-san-juan-living-center/d1735572-cf90-428c-b15b-4ead1fa248d3"" onclick=""clickJobTitle('plid=365&amp;pcid=3975&amp;poccid=11785','',''); clickJobTitleSiteCat('{&quot;events.event48&quot;:&quot;true&quot;,&quot;eVar25&quot;:&quot;Paramedic&quot;,&quot;eVar66&quot;:&quot;Monster&quot;,&quot;eVar67&quot;:&quot;JSR2CW&quot;,&quot;eVar26&quot;:&quot;_San Juan Living Center&quot;,&quot;eVar31&quot;:&quot;Montrose_CO_&quot;,&quot;prop24&quot;:&quot;2020-02-13T12:00&quot;,&quot;eVar53&quot;:&quot;2900522001001&quot;,&quot;eVar50&quot;:&quot;PPC&quot;,&quot;eVar74&quot;:&quot;regular&quot;}')"">Paramedic
</a></h2>","<div class=""company"">
<span class=""name"">San Juan Living Center</span>
<ul class=""list-inline"">
</ul>
</div>","<div class=""location"">
<span class=""name"">
Montrose, CO
</span>
</div>"
"<h2 class=""title""><a data-bypass=""true"" data-m_impr_a_placement_id=""JSR2CW"" data-m_impr_j_cid=""3561"" data-m_impr_j_coc="""" data-m_impr_j_jawsid=""418647188"" data-m_impr_j_jobid=""703488"" data-m_impr_j_jpm=""1"" data-m_impr_j_jpt=""2"" data-m_impr_j_lat=""33.749"" data-m_impr_j_lid=""950"" data-m_impr_j_long=""-84.388"" data-m_impr_j_occid=""11830"" data-m_impr_j_p=""27"" data-m_impr_j_postingid=""cec1c59f-fd6d-4f61-92b7-1564c8404223"" data-m_impr_j_pvc=""a9a0b2dc-978b-45ff-826d-0e865d8e1c59"" data-m_impr_s_t=""t"" data-m_impr_uuid=""f28601a9-98d6-4d8f-82be-e285a2ba755e"" href=""https://job-openings.monster.com/unit-coordinator-rn-atlanta-ga-us-dunwoody-health-rehabilitation-center/cec1c59f-fd6d-4f61-92b7-1564c8404223"" onclick=""clickJobTitle('plid=950&amp;pcid=3561&amp;poccid=11830','',''); clickJobTitleSiteCat('{&quot;events.event48&quot;:&quot;true&quot;,&quot;eVar25&quot;:&quot;Unit Coordinator RN&quot;,&quot;eVar66&quot;:&quot;Monster&quot;,&quot;eVar67&quot;:&quot;JSR2CW&quot;,&quot;eVar26&quot;:&quot;_Dunwoody Health and Rehabilitation Center&quot;,&quot;eVar31&quot;:&quot;Atlanta_GA_&quot;,&quot;prop24&quot;:&quot;2020-02-13T12:00&quot;,&quot;eVar53&quot;:&quot;1100047001001&quot;,&quot;eVar50&quot;:&quot;PPC&quot;,&quot;eVar74&quot;:&quot;regular&quot;}')"">Unit Coordinator RN
</a></h2>","<div class=""company"">
<span class=""name"">Dunwoody Health and Rehabilitation Center</span>
<ul class=""list-inline"">
</ul>
</div>","<div class=""location"">
<span class=""name"">
Atlanta, GA
</span>
</div>"
"<h2 class=""title""><a data-bypass=""true"" data-m_impr_a_placement_id=""JSR2CW"" data-m_impr_j_cid=""3561"" data-m_impr_j_coc="""" data-m_impr_j_jawsid=""416602902"" data-m_impr_j_jobid=""702518"" data-m_impr_j_jpm=""1"" data-m_impr_j_jpt=""2"" data-m_impr_j_lat=""29.4018"" data-m_impr_j_lid=""619"" data-m_impr_j_long=""-95.2649"" data-m_impr_j_occid=""11830"" data-m_impr_j_p=""28"" data-m_impr_j_postingid=""cca7c8a6-42cb-4f14-9756-286e697ca834"" data-m_impr_j_pvc=""a9a0b2dc-978b-45ff-826d-0e865d8e1c59"" data-m_impr_s_t=""t"" data-m_impr_uuid=""e96ce0f0-4fb5-4966-8f9a-e0934007cfcc"" href=""https://job-openings.monster.com/adon-rn-alvin-tx-us-winchester-lodge-healthcare-center/cca7c8a6-42cb-4f14-9756-286e697ca834"" onclick=""clickJobTitle('plid=619&amp;pcid=3561&amp;poccid=11830','',''); clickJobTitleSiteCat('{&quot;events.event48&quot;:&quot;true&quot;,&quot;eVar25&quot;:&quot;ADON RN&quot;,&quot;eVar66&quot;:&quot;Monster&quot;,&quot;eVar67&quot;:&quot;JSR2CW&quot;,&quot;eVar26&quot;:&quot;_Winchester Lodge Healthcare Center&quot;,&quot;eVar31&quot;:&quot;Alvin_TX_&quot;,&quot;prop24&quot;:&quot;2020-02-13T12:00&quot;,&quot;eVar53&quot;:&quot;1100047001001&quot;,&quot;eVar50&quot;:&quot;PPC&quot;,&quot;eVar74&quot;:&quot;regular&quot;}')"">ADON RN
</a></h2>","<div class=""company"">
<span class=""name"">Winchester Lodge Healthcare Center</span>
<ul class=""list-inline"">
</ul>
</div>","<div class=""location"">
<span class=""name"">
Alvin, TX
</span>
</div>"
"<h2 class=""title""><a data-bypass=""true"" data-m_impr_a_placement_id=""JSR2CW"" data-m_impr_j_cid=""3975"" data-m_impr_j_coc="""" data-m_impr_j_jawsid=""417590374"" data-m_impr_j_jobid=""703337"" data-m_impr_j_jpm=""1"" data-m_impr_j_jpt=""2"" data-m_impr_j_lat=""41.3658"" data-m_impr_j_lid=""885"" data-m_impr_j_long=""-71.9769"" data-m_impr_j_occid=""11870"" data-m_impr_j_p=""29"" data-m_impr_j_postingid=""cc8e4913-b6ee-4de4-b9e8-5d9941591be7"" data-m_impr_j_pvc=""a9a0b2dc-978b-45ff-826d-0e865d8e1c59"" data-m_impr_s_t=""t"" data-m_impr_uuid=""c41ed138-602e-48eb-8422-b7fe4c7cc0e3"" href=""https://job-openings.monster.com/physical-therapist-mystic-ct-us-pendleton-health-rehabilitation-center/cc8e4913-b6ee-4de4-b9e8-5d9941591be7"" onclick=""clickJobTitle('plid=885&amp;pcid=3975&amp;poccid=11870','',''); clickJobTitleSiteCat('{&quot;events.event48&quot;:&quot;true&quot;,&quot;eVar25&quot;:&quot;Physical Therapist&quot;,&quot;eVar66&quot;:&quot;Monster&quot;,&quot;eVar67&quot;:&quot;JSR2CW&quot;,&quot;eVar26&quot;:&quot;_Pendleton Health and Rehabilitation Center&quot;,&quot;eVar31&quot;:&quot;Mystic_CT_&quot;,&quot;prop24&quot;:&quot;2020-02-13T12:00&quot;,&quot;eVar53&quot;:&quot;2900488001001&quot;,&quot;eVar50&quot;:&quot;PPC&quot;,&quot;eVar74&quot;:&quot;regular&quot;}')"">Physical Therapist
</a></h2>","<div class=""company"">
<span class=""name"">Pendleton Health and Rehabilitation Center</span>
<ul class=""list-inline"">
</ul>
</div>","<div class=""location"">
<span class=""name"">
Mystic, CT
</span>
</div>"
"<h2 class=""title""><a data-bypass=""true"" data-m_impr_a_placement_id=""JSR2CW"" data-m_impr_j_cid=""3975"" data-m_impr_j_coc="""" data-m_impr_j_jawsid=""418647196"" data-m_impr_j_jobid=""703504"" data-m_impr_j_jpm=""1"" data-m_impr_j_jpt=""2"" data-m_impr_j_lat=""33.4709"" data-m_impr_j_lid=""395"" data-m_impr_j_long=""-81.9749"" data-m_impr_j_occid=""11885"" data-m_impr_j_p=""30"" data-m_impr_j_postingid=""c7a64308-70fb-439b-a974-2cd31735d617"" data-m_impr_j_pvc=""a9a0b2dc-978b-45ff-826d-0e865d8e1c59"" data-m_impr_s_t=""t"" data-m_impr_uuid=""f9f7ca99-a752-4bf4-a2ef-a547cea92cf9"" href=""https://job-openings.monster.com/infection-prevention-sdc-rn-augusta-ga-us-windermere-health-rehabilitation-center/c7a64308-70fb-439b-a974-2cd31735d617"" onclick=""clickJobTitle('plid=395&amp;pcid=3975&amp;poccid=11885','',''); clickJobTitleSiteCat('{&quot;events.event48&quot;:&quot;true&quot;,&quot;eVar25&quot;:&quot;Infection Prevention SDC RN&quot;,&quot;eVar66&quot;:&quot;Monster&quot;,&quot;eVar67&quot;:&quot;JSR2CW&quot;,&quot;eVar26&quot;:&quot;_Windermere Health and Rehabilitation Center&quot;,&quot;eVar31&quot;:&quot;Augusta_GA_&quot;,&quot;prop24&quot;:&quot;2020-02-13T12:00&quot;,&quot;eVar53&quot;:&quot;2900498001001&quot;,&quot;eVar50&quot;:&quot;PPC&quot;,&quot;eVar74&quot;:&quot;regular&quot;}')"">Infection Prevention SDC RN
</a></h2>","<div class=""company"">
<span class=""name"">Windermere Health and Rehabilitation Center</span>
<ul class=""list-inline"">
</ul>
</div>","<div class=""location"">
<span class=""name"">
Augusta, GA
</span>
</div>"
"<h2 class=""title""><a data-bypass=""true"" data-m_impr_a_placement_id=""JSR2CW"" data-m_impr_j_cid=""3975"" data-m_impr_j_coc="""" data-m_impr_j_jawsid=""421738670"" data-m_impr_j_jobid=""705682"" data-m_impr_j_jpm=""1"" data-m_impr_j_jpt=""2"" data-m_impr_j_lat=""42.9652"" data-m_impr_j_lid=""656"" data-m_impr_j_long=""-87.9917"" data-m_impr_j_occid=""11885"" data-m_impr_j_p=""31"" data-m_impr_j_postingid=""c5f0cb7d-8674-4716-8f3a-13228063dab2"" data-m_impr_j_pvc=""a9a0b2dc-978b-45ff-826d-0e865d8e1c59"" data-m_impr_s_t=""t"" data-m_impr_uuid=""03c0c63c-6881-4d53-b6de-2cd07928f60b"" href=""https://job-openings.monster.com/wound-care-rn-greenfield-wi-us-southpointe-healthcare-center/c5f0cb7d-8674-4716-8f3a-13228063dab2"" onclick=""clickJobTitle('plid=656&amp;pcid=3975&amp;poccid=11885','',''); clickJobTitleSiteCat('{&quot;events.event48&quot;:&quot;true&quot;,&quot;eVar25&quot;:&quot;Wound Care RN&quot;,&quot;eVar66&quot;:&quot;Monster&quot;,&quot;eVar67&quot;:&quot;JSR2CW&quot;,&quot;eVar26&quot;:&quot;_Southpointe Healthcare Center&quot;,&quot;eVar31&quot;:&quot;Greenfield_WI_&quot;,&quot;prop24&quot;:&quot;2020-02-13T12:00&quot;,&quot;eVar53&quot;:&quot;2900498001001&quot;,&quot;eVar50&quot;:&quot;PPC&quot;,&quot;eVar74&quot;:&quot;regular&quot;}')"">Wound Care RN
</a></h2>","<div class=""company"">
<span class=""name"">Southpointe Healthcare Center</span>
<ul class=""list-inline"">
</ul>
</div>","<div class=""location"">
<span class=""name"">
Greenfield, WI
</span>
</div>"
"<h2 class=""title""><a data-bypass=""true"" data-m_impr_a_placement_id=""JSR2CW"" data-m_impr_j_cid=""553"" data-m_impr_j_coc="""" data-m_impr_j_jawsid=""419769982"" data-m_impr_j_jobid=""704315"" data-m_impr_j_jpm=""1"" data-m_impr_j_jpt=""2"" data-m_impr_j_lat=""30.0272"" data-m_impr_j_lid=""624"" data-m_impr_j_long=""-99.1089"" data-m_impr_j_occid=""11903"" data-m_impr_j_p=""32"" data-m_impr_j_postingid=""c0df4882-6547-451e-bc20-b5340352421c"" data-m_impr_j_pvc=""a9a0b2dc-978b-45ff-826d-0e865d8e1c59"" data-m_impr_s_t=""t"" data-m_impr_uuid=""faa9e570-2bd9-4d37-b2aa-43f94456cd4c"" href=""https://job-openings.monster.com/maintenance-supervisor-kerrville-tx-us-alpine-terrace/c0df4882-6547-451e-bc20-b5340352421c"" onclick=""clickJobTitle('plid=624&amp;pcid=553&amp;poccid=11903','',''); clickJobTitleSiteCat('{&quot;events.event48&quot;:&quot;true&quot;,&quot;eVar25&quot;:&quot;Maintenance Supervisor&quot;,&quot;eVar66&quot;:&quot;Monster&quot;,&quot;eVar67&quot;:&quot;JSR2CW&quot;,&quot;eVar26&quot;:&quot;_Alpine Terrace&quot;,&quot;eVar31&quot;:&quot;Kerrville_TX_&quot;,&quot;prop24&quot;:&quot;2020-02-13T12:00&quot;,&quot;eVar53&quot;:&quot;4900852001001&quot;,&quot;eVar50&quot;:&quot;PPC&quot;,&quot;eVar74&quot;:&quot;regular&quot;}')"">Maintenance Supervisor
</a></h2>","<div class=""company"">
<span class=""name"">Alpine Terrace</span>
<ul class=""list-inline"">
</ul>
</div>","<div class=""location"">
<span class=""name"">
Kerrville, TX
</span>
</div>"
"<h2 class=""title""><a data-bypass=""true"" data-m_impr_a_placement_id=""JSR2CW"" data-m_impr_j_cid=""3561"" data-m_impr_j_coc="""" data-m_impr_j_jawsid=""420887482"" data-m_impr_j_jobid=""705182"" data-m_impr_j_jpm=""1"" data-m_impr_j_jpt=""2"" data-m_impr_j_lat=""40.5065"" data-m_impr_j_lid=""361"" data-m_impr_j_long=""-105.0136"" data-m_impr_j_occid=""11830"" data-m_impr_j_p=""33"" data-m_impr_j_postingid=""bff5f86f-c838-4253-b870-27c6ebe3cd4d"" data-m_impr_j_pvc=""a9a0b2dc-978b-45ff-826d-0e865d8e1c59"" data-m_impr_s_t=""t"" data-m_impr_uuid=""a7d4bfbb-ceae-4d86-8d87-84973d694dc1"" href=""https://job-openings.monster.com/unit-manager-rn-10-000-sign-on-bonus-fort-collins-co-us-spring-creek-healthcare-center/bff5f86f-c838-4253-b870-27c6ebe3cd4d"" onclick=""clickJobTitle('plid=361&amp;pcid=3561&amp;poccid=11830','',''); clickJobTitleSiteCat('{&quot;events.event48&quot;:&quot;true&quot;,&quot;eVar25&quot;:&quot;Unit Manager RN - $10,000 Sign On Bonus!&quot;,&quot;eVar66&quot;:&quot;Monster&quot;,&quot;eVar67&quot;:&quot;JSR2CW&quot;,&quot;eVar26&quot;:&quot;_Spring Creek Healthcare Center&quot;,&quot;eVar31&quot;:&quot;Fort Collins_CO_&quot;,&quot;prop24&quot;:&quot;2020-02-13T12:00&quot;,&quot;eVar53&quot;:&quot;1100047001001&quot;,&quot;eVar50&quot;:&quot;PPC&quot;,&quot;eVar74&quot;:&quot;regular&quot;}')"">Unit Manager RN - $10,000 Sign On Bonus!
</a></h2>","<div class=""company"">
<span class=""name"">Spring Creek Healthcare Center</span>
<ul class=""list-inline"">
</ul>
</div>","<div class=""location"">
<span class=""name"">
Fort Collins, CO
</span>
</div>"
"<h2 class=""title""><a data-bypass=""true"" data-m_impr_a_placement_id=""JSR2CW"" data-m_impr_j_cid=""11"" data-m_impr_j_coc="""" data-m_impr_j_jawsid=""417590400"" data-m_impr_j_jobid=""703353"" data-m_impr_j_jpm=""1"" data-m_impr_j_jpt=""2"" data-m_impr_j_lat=""28.8997"" data-m_impr_j_lid=""619"" data-m_impr_j_long=""-95.7887"" data-m_impr_j_occid=""11741"" data-m_impr_j_p=""34"" data-m_impr_j_postingid=""bf735493-af6d-47e1-854c-27babad575b9"" data-m_impr_j_pvc=""a9a0b2dc-978b-45ff-826d-0e865d8e1c59"" data-m_impr_s_t=""t"" data-m_impr_uuid=""4df50d89-1c59-44a1-8146-2b32aa994a53"" href=""https://job-openings.monster.com/certified-medication-aide-bay-city-tx-us-bay-villa-health-care-center/bf735493-af6d-47e1-854c-27babad575b9"" onclick=""clickJobTitle('plid=619&amp;pcid=11&amp;poccid=11741','',''); clickJobTitleSiteCat('{&quot;events.event48&quot;:&quot;true&quot;,&quot;eVar25&quot;:&quot;Certified Medication Aide&quot;,&quot;eVar66&quot;:&quot;Monster&quot;,&quot;eVar67&quot;:&quot;JSR2CW&quot;,&quot;eVar26&quot;:&quot;_Bay Villa Health Care Center&quot;,&quot;eVar31&quot;:&quot;Bay City_TX_&quot;,&quot;prop24&quot;:&quot;2020-02-13T12:00&quot;,&quot;eVar53&quot;:&quot;9901111000004&quot;,&quot;eVar50&quot;:&quot;PPC&quot;,&quot;eVar74&quot;:&quot;regular&quot;}')"">Certified Medication Aide
</a></h2>","<div class=""company"">
<span class=""name"">Bay Villa Health Care Center</span>
<ul class=""list-inline"">
</ul>
</div>","<div class=""location"">
<span class=""name"">
Bay City, TX
</span>
</div>"
"<h2 class=""title""><a data-bypass=""true"" data-m_impr_a_placement_id=""JSR2CW"" data-m_impr_j_cid=""3975"" data-m_impr_j_coc="""" data-m_impr_j_jawsid=""416602909"" data-m_impr_j_jobid=""702524"" data-m_impr_j_jpm=""1"" data-m_impr_j_jpt=""2"" data-m_impr_j_lat=""38.9915"" data-m_impr_j_lid=""20583"" data-m_impr_j_long=""-76.5325"" data-m_impr_j_occid=""11871"" data-m_impr_j_p=""35"" data-m_impr_j_postingid=""bf09bf19-325e-4f17-b8ef-8b346ec06832"" data-m_impr_j_pvc=""a9a0b2dc-978b-45ff-826d-0e865d8e1c59"" data-m_impr_s_t=""t"" data-m_impr_uuid=""bf2b576e-7512-4abb-82da-39315ad0ee33"" href=""https://job-openings.monster.com/speech-therapist-annapolis-md-us-heritage-harbour-health-rehabilitation-center/bf09bf19-325e-4f17-b8ef-8b346ec06832"" onclick=""clickJobTitle('plid=20583&amp;pcid=3975&amp;poccid=11871','',''); clickJobTitleSiteCat('{&quot;events.event48&quot;:&quot;true&quot;,&quot;eVar25&quot;:&quot;Speech Therapist&quot;,&quot;eVar66&quot;:&quot;Monster&quot;,&quot;eVar67&quot;:&quot;JSR2CW&quot;,&quot;eVar26&quot;:&quot;_Heritage Harbour Health and Rehabilitation Center&quot;,&quot;eVar31&quot;:&quot;Annapolis_MD_&quot;,&quot;prop24&quot;:&quot;2020-02-13T12:00&quot;,&quot;eVar53&quot;:&quot;2900494001001&quot;,&quot;eVar50&quot;:&quot;PPC&quot;,&quot;eVar74&quot;:&quot;regular&quot;}')"">Speech Therapist
</a></h2>","<div class=""company"">
<span class=""name"">Heritage Harbour Health and Rehabilitation Center</span>
<ul class=""list-inline"">
</ul>
</div>","<div class=""location"">
<span class=""name"">
Annapolis, MD
</span>
</div>"
"<h2 class=""title""><a data-bypass=""true"" data-m_impr_a_placement_id=""JSR2CW"" data-m_impr_j_cid=""2"" data-m_impr_j_coc="""" data-m_impr_j_jawsid=""421738663"" data-m_impr_j_jobid=""705688"" data-m_impr_j_jpm=""1"" data-m_impr_j_jpt=""2"" data-m_impr_j_lat=""27.7749"" data-m_impr_j_lid=""618"" data-m_impr_j_long=""-97.4419"" data-m_impr_j_occid=""11713"" data-m_impr_j_p=""36"" data-m_impr_j_postingid=""bce53585-74c2-4cb6-b4f2-95da2d6649d9"" data-m_impr_j_pvc=""a9a0b2dc-978b-45ff-826d-0e865d8e1c59"" data-m_impr_s_t=""t"" data-m_impr_uuid=""96f41a8e-c483-41c9-81d9-f7ded7845c63"" href=""https://job-openings.monster.com/resident-assistant-corpus-christi-tx-us-retama-manor-nursing-center-corpus-christi-north/bce53585-74c2-4cb6-b4f2-95da2d6649d9"" onclick=""clickJobTitle('plid=618&amp;pcid=2&amp;poccid=11713','',''); clickJobTitleSiteCat('{&quot;events.event48&quot;:&quot;true&quot;,&quot;eVar25&quot;:&quot;Resident Assistant&quot;,&quot;eVar66&quot;:&quot;Monster&quot;,&quot;eVar67&quot;:&quot;JSR2CW&quot;,&quot;eVar26&quot;:&quot;_Retama Manor Nursing Center/Corpus Christi North&quot;,&quot;eVar31&quot;:&quot;Corpus Christi_TX_&quot;,&quot;prop24&quot;:&quot;2020-02-13T12:00&quot;,&quot;eVar53&quot;:&quot;4300758001001&quot;,&quot;eVar50&quot;:&quot;PPC&quot;,&quot;eVar74&quot;:&quot;regular&quot;}')"">Resident Assistant
</a></h2>","<div class=""company"">
<span class=""name"">Retama Manor Nursing Center/Corpus Christi North</span>
<ul class=""list-inline"">
</ul>
</div>","<div class=""location"">
<span class=""name"">
Corpus Christi, TX
</span>
</div>"
"<h2 class=""title""><a data-bypass=""true"" data-m_impr_a_placement_id=""JSRSEC"" data-m_impr_j_cid=""4"" data-m_impr_j_coc=""xabacuservx"" data-m_impr_j_jawsid=""419740330"" data-m_impr_j_jobid=""215419810"" data-m_impr_j_jpm=""1"" data-m_impr_j_jpt=""1"" data-m_impr_j_lat=""49.1034"" data-m_impr_j_lid=""0"" data-m_impr_j_long=""-122.6545"" data-m_impr_j_occid=""11900"" data-m_impr_j_p=""37"" data-m_impr_j_postingid=""5700c918-fcc6-430d-ba98-fa759909ea5b"" data-m_impr_j_pvc=""monster"" data-m_impr_s_t=""m"" data-m_impr_uuid=""f7c9d3d2-55f4-432a-af84-036dfa55938c"" href=""https://job-openings.monster.com/customer-engineer-ii-langley-bc-ca-abacus-service-operation/215419810"" onclick=""clickJobTitle('plid=0&amp;pcid=4&amp;poccid=11900&amp;poccid=11900&amp;poccid=11900','',''); clickJobTitleSiteCat('{&quot;events.event48&quot;:&quot;true&quot;,&quot;events.event65&quot;:&quot;true&quot;,&quot;eVar25&quot;:&quot;Customer Engineer II&quot;,&quot;eVar66&quot;:&quot;Monster&quot;,&quot;eVar67&quot;:&quot;JSRSEC&quot;,&quot;eVar26&quot;:&quot;xabacuservx_Abacus Service Operation&quot;,&quot;eVar31&quot;:&quot;Langley_BC_&quot;,&quot;prop22&quot;:&quot;Full-Time&quot;,&quot;prop24&quot;:&quot;2020-02-11T12:25&quot;,&quot;eVar47&quot;:&quot;monster&quot;,&quot;eVar53&quot;:&quot;1700190001001&quot;,&quot;eVar50&quot;:&quot;Duration&quot;,&quot;eVar74&quot;:&quot;regular&quot;}')"">Customer Engineer II
</a></h2>","<div class=""company"">
<span class=""name"">Abacus Service Operation</span>
<ul class=""list-inline"">
</ul>
</div>","<div class=""location"">
<span class=""name"">
Langley, BC
</span>
</div>"
"<h2 class=""title""><a data-bypass=""true"" data-m_impr_a_placement_id=""JSR2CW"" data-m_impr_j_cid=""3975"" data-m_impr_j_coc="""" data-m_impr_j_jawsid=""420887489"" data-m_impr_j_jobid=""705190"" data-m_impr_j_jpm=""1"" data-m_impr_j_jpt=""2"" data-m_impr_j_lat=""42.5939"" data-m_impr_j_lid=""470"" data-m_impr_j_long=""-82.9509"" data-m_impr_j_occid=""11820"" data-m_impr_j_p=""38"" data-m_impr_j_postingid=""bab3f6ef-7da2-414b-ad57-1a98e04d07c8"" data-m_impr_j_pvc=""a9a0b2dc-978b-45ff-826d-0e865d8e1c59"" data-m_impr_s_t=""t"" data-m_impr_uuid=""436a4747-1a27-4b77-82aa-7f21c9925782"" href=""https://job-openings.monster.com/physical-therapist-assistant-clinton-township-mi-us-clinton-aire-healthcare-center/bab3f6ef-7da2-414b-ad57-1a98e04d07c8"" onclick=""clickJobTitle('plid=470&amp;pcid=3975&amp;poccid=11820','',''); clickJobTitleSiteCat('{&quot;events.event48&quot;:&quot;true&quot;,&quot;eVar25&quot;:&quot;Physical Therapist Assistant&quot;,&quot;eVar66&quot;:&quot;Monster&quot;,&quot;eVar67&quot;:&quot;JSR2CW&quot;,&quot;eVar26&quot;:&quot;_Clinton-Aire Healthcare Center&quot;,&quot;eVar31&quot;:&quot;Clinton Township_MI_&quot;,&quot;prop24&quot;:&quot;2020-02-13T12:00&quot;,&quot;eVar53&quot;:&quot;3100552001001&quot;,&quot;eVar50&quot;:&quot;PPC&quot;,&quot;eVar74&quot;:&quot;regular&quot;}')"">Physical Therapist Assistant
</a></h2>","<div class=""company"">
<span class=""name"">Clinton-Aire Healthcare Center</span>
<ul class=""list-inline"">
</ul>
</div>","<div class=""location"">
<span class=""name"">
Clinton Township, MI
</span>
</div>"
"<h2 class=""title""><a data-bypass=""true"" data-m_impr_a_placement_id=""JSR2CW"" data-m_impr_j_cid=""3975"" data-m_impr_j_coc="""" data-m_impr_j_jawsid=""421738662"" data-m_impr_j_jobid=""0"" data-m_impr_j_jpm=""1"" data-m_impr_j_jpt=""2"" data-m_impr_j_lat=""32.7578"" data-m_impr_j_lid=""686"" data-m_impr_j_long=""-97.1383"" data-m_impr_j_occid=""11885"" data-m_impr_j_p=""39"" data-m_impr_j_postingid=""b5ae82a9-79c1-4abd-abb8-ba9b3e3fcf19"" data-m_impr_j_pvc=""a9a0b2dc-978b-45ff-826d-0e865d8e1c59"" data-m_impr_s_t=""t"" data-m_impr_uuid=""920ab218-c2eb-49a5-9752-5d5749be12a7"" href=""https://job-openings.monster.com/rehab-tech-certified-nursing-assistant-cna-arlington-tx-us-interlochen-health-rehabilitation-center/b5ae82a9-79c1-4abd-abb8-ba9b3e3fcf19"" onclick=""clickJobTitle('plid=686&amp;pcid=3975&amp;poccid=11885','',''); clickJobTitleSiteCat('{&quot;events.event48&quot;:&quot;true&quot;,&quot;eVar25&quot;:&quot;Rehab Tech / Certified Nursing Assistant CNA&quot;,&quot;eVar66&quot;:&quot;Monster&quot;,&quot;eVar67&quot;:&quot;JSR2CW&quot;,&quot;eVar26&quot;:&quot;_Interlochen Health and Rehabilitation Center&quot;,&quot;eVar31&quot;:&quot;Arlington_TX_&quot;,&quot;prop24&quot;:&quot;2020-02-13T12:00&quot;,&quot;eVar53&quot;:&quot;3100548001001&quot;,&quot;eVar50&quot;:&quot;PPC&quot;,&quot;eVar74&quot;:&quot;regular&quot;}')"">Rehab Tech / Certified Nursing Assistant CNA
</a></h2>","<div class=""company"">
<span class=""name"">Interlochen Health and Rehabilitation Center</span>
<ul class=""list-inline"">
</ul>
</div>","<div class=""location"">
<span class=""name"">
Arlington, TX
</span>
</div>"
"<h2 class=""title""><a data-bypass=""true"" data-m_impr_a_placement_id=""JSR2CW"" data-m_impr_j_cid=""3561"" data-m_impr_j_coc="""" data-m_impr_j_jawsid=""416602906"" data-m_impr_j_jobid=""702526"" data-m_impr_j_jpm=""1"" data-m_impr_j_jpt=""2"" data-m_impr_j_lat=""42.5533"" data-m_impr_j_lid=""656"" data-m_impr_j_long=""-87.9333"" data-m_impr_j_occid=""11830"" data-m_impr_j_p=""40"" data-m_impr_j_postingid=""b5abe02d-5bfc-49e4-b743-182a0d2776b7"" data-m_impr_j_pvc=""a9a0b2dc-978b-45ff-826d-0e865d8e1c59"" data-m_impr_s_t=""t"" data-m_impr_uuid=""114799db-77fd-418d-bde2-8446a2f4d2f4"" href=""https://job-openings.monster.com/nursing-home-administrator-pleasant-prairie-wi-us-grande-prairie-health-rehabilitation-center/b5abe02d-5bfc-49e4-b743-182a0d2776b7"" onclick=""clickJobTitle('plid=656&amp;pcid=3561&amp;poccid=11830','',''); clickJobTitleSiteCat('{&quot;events.event48&quot;:&quot;true&quot;,&quot;eVar25&quot;:&quot;Nursing Home Administrator&quot;,&quot;eVar66&quot;:&quot;Monster&quot;,&quot;eVar67&quot;:&quot;JSR2CW&quot;,&quot;eVar26&quot;:&quot;_Grande Prairie Health and Rehabilitation Center&quot;,&quot;eVar31&quot;:&quot;Pleasant Prairie_WI_&quot;,&quot;prop24&quot;:&quot;2020-02-13T12:00&quot;,&quot;eVar53&quot;:&quot;1100047001001&quot;,&quot;eVar50&quot;:&quot;PPC&quot;,&quot;eVar74&quot;:&quot;regular&quot;}')"">Nursing Home Administrator
</a></h2>","<div class=""company"">
<span class=""name"">Grande Prairie Health and Rehabilitation Center</span>
<ul class=""list-inline"">
</ul>
</div>","<div class=""location"">
<span class=""name"">
Pleasant Prairie, WI
</span>
</div>"
"<h2 class=""title""><a data-bypass=""true"" data-m_impr_a_placement_id=""JSR2CW"" data-m_impr_j_cid=""553"" data-m_impr_j_coc="""" data-m_impr_j_jawsid=""421738661"" data-m_impr_j_jobid=""705684"" data-m_impr_j_jpm=""1"" data-m_impr_j_jpt=""2"" data-m_impr_j_lat=""39.0931"" data-m_impr_j_lid=""20588"" data-m_impr_j_long=""-76.8847"" data-m_impr_j_occid=""11903"" data-m_impr_j_p=""41"" data-m_impr_j_postingid=""b3ae80b3-47d5-4aad-9f15-8c89b2df3653"" data-m_impr_j_pvc=""a9a0b2dc-978b-45ff-826d-0e865d8e1c59"" data-m_impr_s_t=""t"" data-m_impr_uuid=""d632fb36-6c1f-4adf-8f9a-57a1561d1964"" href=""https://job-openings.monster.com/maintenance-supervisor-laurel-md-us-patuxent-river-health-rehabilitation-center/b3ae80b3-47d5-4aad-9f15-8c89b2df3653"" onclick=""clickJobTitle('plid=20588&amp;pcid=553&amp;poccid=11903','',''); clickJobTitleSiteCat('{&quot;events.event48&quot;:&quot;true&quot;,&quot;eVar25&quot;:&quot;Maintenance Supervisor&quot;,&quot;eVar66&quot;:&quot;Monster&quot;,&quot;eVar67&quot;:&quot;JSR2CW&quot;,&quot;eVar26&quot;:&quot;_Patuxent River Health and Rehabilitation Center&quot;,&quot;eVar31&quot;:&quot;Laurel_MD_&quot;,&quot;prop24&quot;:&quot;2020-02-13T12:00&quot;,&quot;eVar53&quot;:&quot;4900852001001&quot;,&quot;eVar50&quot;:&quot;PPC&quot;,&quot;eVar74&quot;:&quot;regular&quot;}')"">Maintenance Supervisor
</a></h2>","<div class=""company"">
<span class=""name"">Patuxent River Health and Rehabilitation Center</span>
<ul class=""list-inline"">
</ul>
</div>","<div class=""location"">
<span class=""name"">
Laurel, MD
</span>
</div>"
"<h2 class=""title""><a data-bypass=""true"" data-m_impr_a_placement_id=""JSR2CW"" data-m_impr_j_cid=""11"" data-m_impr_j_coc="""" data-m_impr_j_jawsid=""417590366"" data-m_impr_j_jobid=""703348"" data-m_impr_j_jpm=""1"" data-m_impr_j_jpt=""2"" data-m_impr_j_lat=""29.0235"" data-m_impr_j_lid=""619"" data-m_impr_j_long=""-95.7113"" data-m_impr_j_occid=""11741"" data-m_impr_j_p=""42"" data-m_impr_j_postingid=""b303116f-cc74-4829-83bb-d388c7c89acd"" data-m_impr_j_pvc=""a9a0b2dc-978b-45ff-826d-0e865d8e1c59"" data-m_impr_s_t=""t"" data-m_impr_uuid=""17ecb541-05b2-4d72-86be-d940e1f3d061"" href=""https://job-openings.monster.com/certified-medication-aide-sweeny-tx-us-sweeny-house/b303116f-cc74-4829-83bb-d388c7c89acd"" onclick=""clickJobTitle('plid=619&amp;pcid=11&amp;poccid=11741','',''); clickJobTitleSiteCat('{&quot;events.event48&quot;:&quot;true&quot;,&quot;eVar25&quot;:&quot;Certified Medication Aide&quot;,&quot;eVar66&quot;:&quot;Monster&quot;,&quot;eVar67&quot;:&quot;JSR2CW&quot;,&quot;eVar26&quot;:&quot;_Sweeny House&quot;,&quot;eVar31&quot;:&quot;Sweeny_TX_&quot;,&quot;prop24&quot;:&quot;2020-02-13T12:00&quot;,&quot;eVar53&quot;:&quot;9901111000004&quot;,&quot;eVar50&quot;:&quot;PPC&quot;,&quot;eVar74&quot;:&quot;regular&quot;}')"">Certified Medication Aide
</a></h2>","<div class=""company"">
<span class=""name"">Sweeny House</span>
<ul class=""list-inline"">
</ul>
</div>","<div class=""location"">
<span class=""name"">
Sweeny, TX
</span>
</div>"
"<h2 class=""title""><a data-bypass=""true"" data-m_impr_a_placement_id=""JSR2CW"" data-m_impr_j_cid=""545"" data-m_impr_j_coc="""" data-m_impr_j_jawsid=""419769987"" data-m_impr_j_jobid=""704326"" data-m_impr_j_jpm=""1"" data-m_impr_j_jpt=""2"" data-m_impr_j_lat=""39.6415"" data-m_impr_j_lid=""363"" data-m_impr_j_long=""-104.9557"" data-m_impr_j_occid=""11898"" data-m_impr_j_p=""43"" data-m_impr_j_postingid=""b19bcd3c-e7f3-4f88-8b71-a014418c26f2"" data-m_impr_j_pvc=""a9a0b2dc-978b-45ff-826d-0e865d8e1c59"" data-m_impr_s_t=""t"" data-m_impr_uuid=""03a89b46-2ded-4e80-a7f1-2b5098adb7d1"" href=""https://job-openings.monster.com/activity-assistant-englewood-co-us-pearl-street-health-rehabilitation-center/b19bcd3c-e7f3-4f88-8b71-a014418c26f2"" onclick=""clickJobTitle('plid=363&amp;pcid=545&amp;poccid=11898','',''); clickJobTitleSiteCat('{&quot;events.event48&quot;:&quot;true&quot;,&quot;eVar25&quot;:&quot;Activity Assistant&quot;,&quot;eVar66&quot;:&quot;Monster&quot;,&quot;eVar67&quot;:&quot;JSR2CW&quot;,&quot;eVar26&quot;:&quot;_Pearl Street Health and Rehabilitation Center&quot;,&quot;eVar31&quot;:&quot;Englewood_CO_&quot;,&quot;prop24&quot;:&quot;2020-02-13T12:00&quot;,&quot;eVar53&quot;:&quot;3900662001001&quot;,&quot;eVar50&quot;:&quot;PPC&quot;,&quot;eVar74&quot;:&quot;regular&quot;}')"">Activity Assistant
</a></h2>","<div class=""company"">
<span class=""name"">Pearl Street Health and Rehabilitation Center</span>
<ul class=""list-inline"">
</ul>
</div>","<div class=""location"">
<span class=""name"">
Englewood, CO
</span>
</div>"
"<h2 class=""title""><a data-bypass=""true"" data-m_impr_a_placement_id=""JSR2CW"" data-m_impr_j_cid=""3975"" data-m_impr_j_coc="""" data-m_impr_j_jawsid=""413201742"" data-m_impr_j_jobid=""700025"" data-m_impr_j_jpm=""1"" data-m_impr_j_jpt=""2"" data-m_impr_j_lat=""44.8263"" data-m_impr_j_lid=""667"" data-m_impr_j_long=""-106.9039"" data-m_impr_j_occid=""11871"" data-m_impr_j_p=""44"" data-m_impr_j_postingid=""b07bf033-2cf9-49eb-86df-dc26d45a5665"" data-m_impr_j_pvc=""a9a0b2dc-978b-45ff-826d-0e865d8e1c59"" data-m_impr_s_t=""t"" data-m_impr_uuid=""2e37fcc2-1c1f-4edb-a02a-515bebd712dc"" href=""https://job-openings.monster.com/speech-language-pathologist-slp-st-sheridan-wy-us-sheridan-manor/b07bf033-2cf9-49eb-86df-dc26d45a5665"" onclick=""clickJobTitle('plid=667&amp;pcid=3975&amp;poccid=11871','',''); clickJobTitleSiteCat('{&quot;events.event48&quot;:&quot;true&quot;,&quot;eVar25&quot;:&quot;Speech Language Pathologist SLP ST&quot;,&quot;eVar66&quot;:&quot;Monster&quot;,&quot;eVar67&quot;:&quot;JSR2CW&quot;,&quot;eVar26&quot;:&quot;_Sheridan Manor&quot;,&quot;eVar31&quot;:&quot;Sheridan_WY_&quot;,&quot;prop24&quot;:&quot;2020-02-13T12:00&quot;,&quot;eVar53&quot;:&quot;2900494001001&quot;,&quot;eVar50&quot;:&quot;PPC&quot;,&quot;eVar74&quot;:&quot;regular&quot;}')"">Speech Language Pathologist SLP ST
</a></h2>","<div class=""company"">
<span class=""name"">Sheridan Manor</span>
<ul class=""list-inline"">
</ul>
</div>","<div class=""location"">
<span class=""name"">
Sheridan, WY
</span>
</div>"
"<h2 class=""title""><a data-bypass=""true"" data-m_impr_a_placement_id=""JSR2CW"" data-m_impr_j_cid=""3975"" data-m_impr_j_coc="""" data-m_impr_j_jawsid=""420819152"" data-m_impr_j_jobid=""0"" data-m_impr_j_jpm=""1"" data-m_impr_j_jpt=""2"" data-m_impr_j_lat=""44.8737"" data-m_impr_j_lid=""483"" data-m_impr_j_long=""-93.3343"" data-m_impr_j_occid=""11870"" data-m_impr_j_p=""45"" data-m_impr_j_postingid=""a88307f5-c140-4913-aeca-bbc2303cc9aa"" data-m_impr_j_pvc=""bayardftpin"" data-m_impr_s_t=""t"" data-m_impr_uuid=""4b398da0-3cf0-46b8-a097-aaad1e946477"" href=""https://job-openings.monster.com/prn-physical-therapist-pt-home-health-greater-edina-minnetonka-plymouth-mn-area-minnetonka-mn-us-brookdale-senior-living/a88307f5-c140-4913-aeca-bbc2303cc9aa"" onclick=""clickJobTitle('plid=483&amp;pcid=3975&amp;poccid=11870','',''); clickJobTitleSiteCat('{&quot;events.event48&quot;:&quot;true&quot;,&quot;eVar25&quot;:&quot;PRN Physical Therapist PT home health - greater Edina, Minnetonka, Plymouth MN area&quot;,&quot;eVar66&quot;:&quot;Monster&quot;,&quot;eVar67&quot;:&quot;JSR2CW&quot;,&quot;eVar26&quot;:&quot;_Brookdale Senior Living&quot;,&quot;eVar31&quot;:&quot;Minnetonka_MN_&quot;,&quot;prop24&quot;:&quot;2020-02-13T12:00&quot;,&quot;eVar53&quot;:&quot;2900488001001&quot;,&quot;eVar50&quot;:&quot;PPC&quot;,&quot;eVar74&quot;:&quot;logo&quot;}')"">PRN Physical Therapist PT home health - greater Edina, Minnetonka, Plymouth MN area
</a></h2>","<div class=""company"">
<span class=""name"">Brookdale Senior Living</span>
<ul class=""list-inline"">
</ul>
</div>","<div class=""location"">
<span class=""name"">
Minnetonka, MN
</span>
</div>"
"<h2 class=""title""><a data-bypass=""true"" data-m_impr_a_placement_id=""JSR2CW"" data-m_impr_j_cid=""11"" data-m_impr_j_coc="""" data-m_impr_j_jawsid=""414040076"" data-m_impr_j_jobid=""701508"" data-m_impr_j_jpm=""1"" data-m_impr_j_jpt=""2"" data-m_impr_j_lat=""27.5137"" data-m_impr_j_lid=""618"" data-m_impr_j_long=""-99.5021"" data-m_impr_j_occid=""11741"" data-m_impr_j_p=""46"" data-m_impr_j_postingid=""a7e6753c-377a-4520-b210-e0db537d6554"" data-m_impr_j_pvc=""a9a0b2dc-978b-45ff-826d-0e865d8e1c59"" data-m_impr_s_t=""t"" data-m_impr_uuid=""96aac85e-3581-442b-a2a4-0063ca9398da"" href=""https://job-openings.monster.com/certified-medication-aide-laredo-tx-us-retama-manor-nursing-center-laredo-west/a7e6753c-377a-4520-b210-e0db537d6554"" onclick=""clickJobTitle('plid=618&amp;pcid=11&amp;poccid=11741','',''); clickJobTitleSiteCat('{&quot;events.event48&quot;:&quot;true&quot;,&quot;eVar25&quot;:&quot;Certified Medication Aide&quot;,&quot;eVar66&quot;:&quot;Monster&quot;,&quot;eVar67&quot;:&quot;JSR2CW&quot;,&quot;eVar26&quot;:&quot;_Retama Manor Nursing Center/Laredo - West&quot;,&quot;eVar31&quot;:&quot;Laredo_TX_&quot;,&quot;prop24&quot;:&quot;2020-02-13T12:00&quot;,&quot;eVar53&quot;:&quot;9901111000004&quot;,&quot;eVar50&quot;:&quot;PPC&quot;,&quot;eVar74&quot;:&quot;regular&quot;}')"">Certified Medication Aide
</a></h2>","<div class=""company"">
<span class=""name"">Retama Manor Nursing Center/Laredo - West</span>
<ul class=""list-inline"">
</ul>
</div>","<div class=""location"">
<span class=""name"">
Laredo, TX
</span>
</div>"
"<h2 class=""title""><a data-bypass=""true"" data-m_impr_a_placement_id=""JSR2CW"" data-m_impr_j_cid=""3561"" data-m_impr_j_coc="""" data-m_impr_j_jawsid=""420887469"" data-m_impr_j_jobid=""705188"" data-m_impr_j_jpm=""1"" data-m_impr_j_jpt=""2"" data-m_impr_j_lat=""32.7282"" data-m_impr_j_lid=""686"" data-m_impr_j_long=""-97.3172"" data-m_impr_j_occid=""11830"" data-m_impr_j_p=""47"" data-m_impr_j_postingid=""9b3a5a05-6aa8-4729-bf93-1cbc4a25b839"" data-m_impr_j_pvc=""a9a0b2dc-978b-45ff-826d-0e865d8e1c59"" data-m_impr_s_t=""t"" data-m_impr_uuid=""c322f196-b2f3-4e6b-824c-63e1fc1060c3"" href=""https://job-openings.monster.com/mds-coordinator-rn-fort-worth-tx-us-downtown-health-rehabilitation-center/9b3a5a05-6aa8-4729-bf93-1cbc4a25b839"" onclick=""clickJobTitle('plid=686&amp;pcid=3561&amp;poccid=11830','',''); clickJobTitleSiteCat('{&quot;events.event48&quot;:&quot;true&quot;,&quot;eVar25&quot;:&quot;MDS Coordinator, RN&quot;,&quot;eVar66&quot;:&quot;Monster&quot;,&quot;eVar67&quot;:&quot;JSR2CW&quot;,&quot;eVar26&quot;:&quot;_Downtown Health and Rehabilitation Center&quot;,&quot;eVar31&quot;:&quot;Fort Worth_TX_&quot;,&quot;prop24&quot;:&quot;2020-02-13T12:00&quot;,&quot;eVar53&quot;:&quot;1100047001001&quot;,&quot;eVar50&quot;:&quot;PPC&quot;,&quot;eVar74&quot;:&quot;regular&quot;}')"">MDS Coordinator, RN
</a></h2>","<div class=""company"">
<span class=""name"">Downtown Health and Rehabilitation Center</span>
<ul class=""list-inline"">
</ul>
</div>","<div class=""location"">
<span class=""name"">
Fort Worth, TX
</span>
</div>"
"<h2 class=""title""><a data-bypass=""true"" data-m_impr_a_placement_id=""JSR2CW"" data-m_impr_j_cid=""2"" data-m_impr_j_coc="""" data-m_impr_j_jawsid=""417731935"" data-m_impr_j_jobid=""703364"" data-m_impr_j_jpm=""1"" data-m_impr_j_jpt=""2"" data-m_impr_j_lat=""29.4642"" data-m_impr_j_lid=""624"" data-m_impr_j_long=""-98.4916"" data-m_impr_j_occid=""11888"" data-m_impr_j_p=""48"" data-m_impr_j_postingid=""9ac87bb0-0ae2-40ac-b50e-4514fdda267c"" data-m_impr_j_pvc=""a9a0b2dc-978b-45ff-826d-0e865d8e1c59"" data-m_impr_s_t=""t"" data-m_impr_uuid=""4a2de173-3fbc-4879-9518-7fc6b6c976ec"" href=""https://job-openings.monster.com/business-office-coordinator-san-antonio-tx-us-retama-manor-nursing-center-san-antonio-north/9ac87bb0-0ae2-40ac-b50e-4514fdda267c"" onclick=""clickJobTitle('plid=624&amp;pcid=2&amp;poccid=11888','',''); clickJobTitleSiteCat('{&quot;events.event48&quot;:&quot;true&quot;,&quot;eVar25&quot;:&quot;Business Office Coordinator&quot;,&quot;eVar66&quot;:&quot;Monster&quot;,&quot;eVar67&quot;:&quot;JSR2CW&quot;,&quot;eVar26&quot;:&quot;_Retama Manor Nursing Center/San Antonio/North&quot;,&quot;eVar31&quot;:&quot;San Antonio_TX_&quot;,&quot;prop24&quot;:&quot;2020-02-13T12:00&quot;,&quot;eVar53&quot;:&quot;4300692001001&quot;,&quot;eVar50&quot;:&quot;PPC&quot;,&quot;eVar74&quot;:&quot;regular&quot;}')"">Business Office Coordinator
</a></h2>","<div class=""company"">
<span class=""name"">Retama Manor Nursing Center/San Antonio/North</span>
<ul class=""list-inline"">
</ul>
</div>","<div class=""location"">
<span class=""name"">
San Antonio, TX
</span>
</div>"
"<h2 class=""title""><a data-bypass=""true"" data-m_impr_a_placement_id=""JSR2CW"" data-m_impr_j_cid=""3561"" data-m_impr_j_coc="""" data-m_impr_j_jawsid=""419769973"" data-m_impr_j_jobid=""704320"" data-m_impr_j_jpm=""1"" data-m_impr_j_jpt=""2"" data-m_impr_j_lat=""33.8772"" data-m_impr_j_lid=""950"" data-m_impr_j_long=""-84.3365"" data-m_impr_j_occid=""11830"" data-m_impr_j_p=""49"" data-m_impr_j_postingid=""9019434f-c050-43f0-a394-56d016e2c979"" data-m_impr_j_pvc=""a9a0b2dc-978b-45ff-826d-0e865d8e1c59"" data-m_impr_s_t=""t"" data-m_impr_uuid=""efece4ba-d363-4681-a1b4-a00a4f80d5cf"" href=""https://job-openings.monster.com/unit-coordinator-rn-atlanta-ga-us-sandy-springs-health-rehabilitation-center/9019434f-c050-43f0-a394-56d016e2c979"" onclick=""clickJobTitle('plid=950&amp;pcid=3561&amp;poccid=11830','',''); clickJobTitleSiteCat('{&quot;events.event48&quot;:&quot;true&quot;,&quot;eVar25&quot;:&quot;Unit Coordinator RN&quot;,&quot;eVar66&quot;:&quot;Monster&quot;,&quot;eVar67&quot;:&quot;JSR2CW&quot;,&quot;eVar26&quot;:&quot;_Sandy Springs Health and Rehabilitation Center&quot;,&quot;eVar31&quot;:&quot;Atlanta_GA_&quot;,&quot;prop24&quot;:&quot;2020-02-13T12:00&quot;,&quot;eVar53&quot;:&quot;1100047001001&quot;,&quot;eVar50&quot;:&quot;PPC&quot;,&quot;eVar74&quot;:&quot;regular&quot;}')"">Unit Coordinator RN
</a></h2>","<div class=""company"">
<span class=""name"">Sandy Springs Health and Rehabilitation Center</span>
<ul class=""list-inline"">
</ul>
</div>","<div class=""location"">
<span class=""name"">
Atlanta, GA
</span>
</div>"
"<h2 class=""title""><a data-bypass=""true"" data-m_impr_a_placement_id=""JSR2CW"" data-m_impr_j_cid=""9008"" data-m_impr_j_coc="""" data-m_impr_j_jawsid=""421738669"" data-m_impr_j_jobid=""705696"" data-m_impr_j_jpm=""1"" data-m_impr_j_jpt=""2"" data-m_impr_j_lat=""38.8792"" data-m_impr_j_lid=""362"" data-m_impr_j_long=""-104.8266"" data-m_impr_j_occid=""11934"" data-m_impr_j_p=""50"" data-m_impr_j_postingid=""8bf7f13a-f1da-41da-9cae-a43c1fbe40a9"" data-m_impr_j_pvc=""a9a0b2dc-978b-45ff-826d-0e865d8e1c59"" data-m_impr_s_t=""t"" data-m_impr_uuid=""653efe07-9841-4630-9fb6-96396618ec9b"" href=""https://job-openings.monster.com/program-manager-colorado-springs-co-us-colonial-columns-nursing-center/8bf7f13a-f1da-41da-9cae-a43c1fbe40a9"" onclick=""clickJobTitle('plid=362&amp;pcid=9008&amp;poccid=11934','',''); clickJobTitleSiteCat('{&quot;events.event48&quot;:&quot;true&quot;,&quot;eVar25&quot;:&quot;Program Manager&quot;,&quot;eVar66&quot;:&quot;Monster&quot;,&quot;eVar67&quot;:&quot;JSR2CW&quot;,&quot;eVar26&quot;:&quot;_Colonial Columns Nursing Center&quot;,&quot;eVar31&quot;:&quot;Colorado Springs_CO_&quot;,&quot;prop24&quot;:&quot;2020-02-13T12:00&quot;,&quot;eVar53&quot;:&quot;1300093001001&quot;,&quot;eVar50&quot;:&quot;PPC&quot;,&quot;eVar74&quot;:&quot;regular&quot;}')"">Program Manager
</a></h2>","<div class=""company"">
<span class=""name"">Colonial Columns Nursing Center</span>
<ul class=""list-inline"">
</ul>
</div>","<div class=""location"">
<span class=""name"">
Colorado Springs, CO
</span>
</div>"
"<h2 class=""title""><a data-bypass=""true"" data-m_impr_a_placement_id=""JSR2CW"" data-m_impr_j_cid=""553"" data-m_impr_j_coc="""" data-m_impr_j_jawsid=""421738666"" data-m_impr_j_jobid=""705694"" data-m_impr_j_jpm=""1"" data-m_impr_j_jpt=""2"" data-m_impr_j_lat=""33.6449"" data-m_impr_j_lid=""615"" data-m_impr_j_long=""-96.5899"" data-m_impr_j_occid=""11903"" data-m_impr_j_p=""51"" data-m_impr_j_postingid=""8a454a33-5377-45d1-8a6a-8e50c2953a54"" data-m_impr_j_pvc=""a9a0b2dc-978b-45ff-826d-0e865d8e1c59"" data-m_impr_s_t=""t"" data-m_impr_uuid=""ae4653d3-f535-43bf-8f52-1fe020b045cb"" href=""https://job-openings.monster.com/maintenance-technician-sherman-tx-us-texoma-healthcare-center/8a454a33-5377-45d1-8a6a-8e50c2953a54"" onclick=""clickJobTitle('plid=615&amp;pcid=553&amp;poccid=11903','',''); clickJobTitleSiteCat('{&quot;events.event48&quot;:&quot;true&quot;,&quot;eVar25&quot;:&quot;Maintenance Technician&quot;,&quot;eVar66&quot;:&quot;Monster&quot;,&quot;eVar67&quot;:&quot;JSR2CW&quot;,&quot;eVar26&quot;:&quot;_Texoma Healthcare Center&quot;,&quot;eVar31&quot;:&quot;Sherman_TX_&quot;,&quot;prop24&quot;:&quot;2020-02-13T12:00&quot;,&quot;eVar53&quot;:&quot;4900898001001&quot;,&quot;eVar50&quot;:&quot;PPC&quot;,&quot;eVar74&quot;:&quot;regular&quot;}')"">Maintenance Technician
</a></h2>","<div class=""company"">
<span class=""name"">Texoma Healthcare Center</span>
<ul class=""list-inline"">
</ul>
</div>","<div class=""location"">
<span class=""name"">
Sherman, TX
</span>
</div>"
"<h2 class=""title""><a data-bypass=""true"" data-m_impr_a_placement_id=""JSR2CW"" data-m_impr_j_cid=""3975"" data-m_impr_j_coc="""" data-m_impr_j_jawsid=""417731947"" data-m_impr_j_jobid=""0"" data-m_impr_j_jpm=""1"" data-m_impr_j_jpt=""2"" data-m_impr_j_lat=""42.8895"" data-m_impr_j_lid=""530"" data-m_impr_j_long=""-71.2818"" data-m_impr_j_occid=""11870"" data-m_impr_j_p=""52"" data-m_impr_j_postingid=""780413cb-3482-4f89-92a6-09446a51e3e4"" data-m_impr_j_pvc=""a9a0b2dc-978b-45ff-826d-0e865d8e1c59"" data-m_impr_s_t=""t"" data-m_impr_uuid=""bf08d279-baf4-4ce2-973f-2cb5f6755e6e"" href=""https://job-openings.monster.com/physical-therapist-derry-nh-us-pleasant-valley-nursing-center/780413cb-3482-4f89-92a6-09446a51e3e4"" onclick=""clickJobTitle('plid=530&amp;pcid=3975&amp;poccid=11870','',''); clickJobTitleSiteCat('{&quot;events.event48&quot;:&quot;true&quot;,&quot;eVar25&quot;:&quot;Physical Therapist&quot;,&quot;eVar66&quot;:&quot;Monster&quot;,&quot;eVar67&quot;:&quot;JSR2CW&quot;,&quot;eVar26&quot;:&quot;_Pleasant Valley Nursing Center&quot;,&quot;eVar31&quot;:&quot;Derry_NH_&quot;,&quot;prop24&quot;:&quot;2020-02-13T12:00&quot;,&quot;eVar53&quot;:&quot;2900488001001&quot;,&quot;eVar50&quot;:&quot;PPC&quot;,&quot;eVar74&quot;:&quot;regular&quot;}')"">Physical Therapist
</a></h2>","<div class=""company"">
<span class=""name"">Pleasant Valley Nursing Center</span>
<ul class=""list-inline"">
</ul>
</div>","<div class=""location"">
<span class=""name"">
Derry, NH
</span>
</div>"
